{
  "version": "5.6.8", 
  "objects": [
    {
      "attributes": {
        "fields": "[{\"count\": 0, \"analyzed\": false, \"aggregatable\": true, \"name\": \"beat.name\", \"searchable\": true, \"indexed\": true, \"doc_values\": true, \"type\": \"string\", \"scripted\": false}, {\"count\": 0, \"analyzed\": false, \"aggregatable\": true, \"name\": \"beat.hostname\", \"searchable\": true, \"indexed\": true, \"doc_values\": true, \"type\": \"string\", \"scripted\": false}, {\"count\": 0, \"analyzed\": false, \"aggregatable\": true, \"name\": \"beat.version\", \"searchable\": true, \"indexed\": true, \"doc_values\": true, \"type\": \"string\", \"scripted\": false}, {\"count\": 0, \"analyzed\": false, \"aggregatable\": true, \"name\": \"@timestamp\", \"searchable\": true, \"indexed\": true, \"doc_values\": true, \"type\": \"date\", \"scripted\": false}, {\"count\": 0, \"analyzed\": false, \"aggregatable\": true, \"name\": \"tags\", \"searchable\": true, \"indexed\": true, \"doc_values\": true, \"type\": \"string\", \"scripted\": false}, {\"count\": 0, \"analyzed\": false, \"aggregatable\": true, \"name\": \"fields\", \"searchable\": true, \"indexed\": true, \"doc_values\": true, \"scripted\": false}, {\"count\": 0, \"analyzed\": false, \"aggregatable\": true, \"name\": \"meta.cloud.provider\", \"searchable\": true, \"indexed\": true, \"doc_values\": true, \"type\": \"string\", \"scripted\": false}, {\"count\": 0, \"analyzed\": false, \"aggregatable\": true, \"name\": \"meta.cloud.instance_id\", \"searchable\": true, \"indexed\": true, \"doc_values\": true, \"type\": \"string\", \"scripted\": false}, {\"count\": 0, \"analyzed\": false, \"aggregatable\": true, \"name\": \"meta.cloud.machine_type\", \"searchable\": true, \"indexed\": true, \"doc_values\": true, \"type\": \"string\", \"scripted\": false}, {\"count\": 0, \"analyzed\": false, \"aggregatable\": true, \"name\": \"meta.cloud.availability_zone\", \"searchable\": true, \"indexed\": true, \"doc_values\": true, \"type\": \"string\", \"scripted\": false}, {\"count\": 0, \"analyzed\": false, \"aggregatable\": true, \"name\": \"meta.cloud.project_id\", \"searchable\": true, \"indexed\": true, \"doc_values\": true, \"type\": \"string\", \"scripted\": false}, {\"count\": 0, \"analyzed\": false, \"aggregatable\": true, \"name\": \"meta.cloud.region\", \"searchable\": true, \"indexed\": true, \"doc_values\": true, \"type\": \"string\", \"scripted\": false}, {\"count\": 0, \"analyzed\": false, \"aggregatable\": true, \"name\": \"server\", \"searchable\": true, \"indexed\": true, \"doc_values\": true, \"type\": \"string\", \"scripted\": false}, {\"count\": 0, \"analyzed\": false, \"aggregatable\": true, \"name\": \"client_server\", \"searchable\": true, \"indexed\": true, \"doc_values\": true, \"type\": \"string\", \"scripted\": false}, {\"count\": 0, \"analyzed\": false, \"aggregatable\": true, \"name\": \"service\", \"searchable\": true, \"indexed\": true, \"doc_values\": true, \"type\": \"string\", \"scripted\": false}, {\"count\": 0, \"analyzed\": false, \"aggregatable\": true, \"name\": \"client_service\", \"searchable\": true, \"indexed\": true, \"doc_values\": true, \"type\": \"string\", \"scripted\": false}, {\"count\": 0, \"analyzed\": false, \"aggregatable\": true, \"name\": \"ip\", \"searchable\": true, \"indexed\": true, \"doc_values\": true, \"type\": \"string\", \"scripted\": false}, {\"count\": 0, \"analyzed\": false, \"aggregatable\": true, \"name\": \"client_ip\", \"searchable\": true, \"indexed\": true, \"doc_values\": true, \"type\": \"string\", \"scripted\": false}, {\"count\": 0, \"analyzed\": false, \"aggregatable\": true, \"name\": \"real_ip\", \"searchable\": true, \"indexed\": true, \"doc_values\": true, \"type\": \"string\", \"scripted\": false}, {\"count\": 0, \"analyzed\": false, \"aggregatable\": true, \"name\": \"client_location\", \"searchable\": true, \"indexed\": true, \"doc_values\": true, \"type\": \"geo_point\", \"scripted\": false}, {\"count\": 0, \"analyzed\": false, \"aggregatable\": true, \"name\": \"client_geoip.location\", \"searchable\": true, \"indexed\": true, \"doc_values\": true, \"type\": \"geo_point\", \"scripted\": false}, {\"count\": 0, \"analyzed\": false, \"aggregatable\": true, \"name\": \"client_port\", \"searchable\": true, \"indexed\": true, \"doc_values\": true, \"type\": \"string\", \"scripted\": false}, {\"count\": 0, \"analyzed\": false, \"aggregatable\": true, \"name\": \"transport\", \"searchable\": true, \"indexed\": true, \"doc_values\": true, \"type\": \"string\", \"scripted\": false}, {\"count\": 0, \"analyzed\": false, \"aggregatable\": true, \"name\": \"type\", \"searchable\": true, \"indexed\": true, \"doc_values\": true, \"type\": \"string\", \"scripted\": false}, {\"count\": 0, \"analyzed\": false, \"aggregatable\": true, \"name\": \"port\", \"searchable\": true, \"indexed\": true, \"doc_values\": true, \"type\": \"string\", \"scripted\": false}, {\"count\": 0, \"analyzed\": false, \"aggregatable\": true, \"name\": \"proc\", \"searchable\": true, \"indexed\": true, \"doc_values\": true, \"type\": \"string\", \"scripted\": false}, {\"count\": 0, \"analyzed\": false, \"aggregatable\": true, \"name\": \"client_proc\", \"searchable\": true, \"indexed\": true, \"doc_values\": true, \"type\": \"string\", \"scripted\": false}, {\"count\": 0, \"analyzed\": false, \"aggregatable\": true, \"name\": \"release\", \"searchable\": true, \"indexed\": true, \"doc_values\": true, \"type\": \"string\", \"scripted\": false}, {\"count\": 0, \"analyzed\": false, \"aggregatable\": true, \"name\": \"start_time\", \"searchable\": true, \"indexed\": true, \"doc_values\": true, \"type\": \"date\", \"scripted\": false}, {\"count\": 0, \"analyzed\": false, \"aggregatable\": true, \"name\": \"last_time\", \"searchable\": true, \"indexed\": true, \"doc_values\": true, \"type\": \"date\", \"scripted\": false}, {\"count\": 0, \"analyzed\": false, \"aggregatable\": true, \"name\": \"final\", \"searchable\": true, \"indexed\": true, \"doc_values\": true, \"type\": \"string\", \"scripted\": false}, {\"count\": 0, \"analyzed\": false, \"aggregatable\": true, \"name\": \"flow_id\", \"searchable\": true, \"indexed\": true, \"doc_values\": true, \"type\": \"string\", \"scripted\": false}, {\"count\": 0, \"analyzed\": false, \"aggregatable\": true, \"name\": \"vlan\", \"searchable\": true, \"indexed\": true, \"doc_values\": true, \"type\": \"string\", \"scripted\": false}, {\"count\": 0, \"analyzed\": false, \"aggregatable\": true, \"name\": \"outer_vlan\", \"searchable\": true, \"indexed\": true, \"doc_values\": true, \"type\": \"string\", \"scripted\": false}, {\"count\": 0, \"analyzed\": false, \"aggregatable\": true, \"name\": \"source.mac\", \"searchable\": true, \"indexed\": true, \"doc_values\": true, \"type\": \"string\", \"scripted\": false}, {\"count\": 0, \"analyzed\": false, \"aggregatable\": true, \"name\": \"source.ip\", \"searchable\": true, \"indexed\": true, \"doc_values\": true, \"type\": \"string\", \"scripted\": false}, {\"count\": 0, \"analyzed\": false, \"aggregatable\": true, \"name\": \"source.ip_location\", \"searchable\": true, \"indexed\": true, \"doc_values\": true, \"type\": \"geo_point\", \"scripted\": false}, {\"count\": 0, \"analyzed\": false, \"aggregatable\": true, \"name\": \"source.outer_ip\", \"searchable\": true, \"indexed\": true, \"doc_values\": true, \"type\": \"string\", \"scripted\": false}, {\"count\": 0, \"analyzed\": false, \"aggregatable\": true, \"name\": \"source.outer_ip_location\", \"searchable\": true, \"indexed\": true, \"doc_values\": true, \"type\": \"geo_point\", \"scripted\": false}, {\"count\": 0, \"analyzed\": false, \"aggregatable\": true, \"name\": \"source.ipv6\", \"searchable\": true, \"indexed\": true, \"doc_values\": true, \"type\": \"string\", \"scripted\": false}, {\"count\": 0, \"analyzed\": false, \"aggregatable\": true, \"name\": \"source.ipv6_location\", \"searchable\": true, \"indexed\": true, \"doc_values\": true, \"type\": \"geo_point\", \"scripted\": false}, {\"count\": 0, \"analyzed\": false, \"aggregatable\": true, \"name\": \"source.outer_ipv6\", \"searchable\": true, \"indexed\": true, \"doc_values\": true, \"type\": \"string\", \"scripted\": false}, {\"count\": 0, \"analyzed\": false, \"aggregatable\": true, \"name\": \"source.outer_ipv6_location\", \"searchable\": true, \"indexed\": true, \"doc_values\": true, \"type\": \"geo_point\", \"scripted\": false}, {\"count\": 0, \"analyzed\": false, \"aggregatable\": true, \"name\": \"source.port\", \"searchable\": true, \"indexed\": true, \"doc_values\": true, \"type\": \"string\", \"scripted\": false}, {\"count\": 0, \"analyzed\": false, \"aggregatable\": true, \"name\": \"source.stats.net_packets_total\", \"searchable\": true, \"indexed\": true, \"doc_values\": true, \"type\": \"number\", \"scripted\": false}, {\"count\": 0, \"analyzed\": false, \"aggregatable\": true, \"name\": \"source.stats.net_bytes_total\", \"searchable\": true, \"indexed\": true, \"doc_values\": true, \"type\": \"number\", \"scripted\": false}, {\"count\": 0, \"analyzed\": false, \"aggregatable\": true, \"name\": \"dest.mac\", \"searchable\": true, \"indexed\": true, \"doc_values\": true, \"type\": \"string\", \"scripted\": false}, {\"count\": 0, \"analyzed\": false, \"aggregatable\": true, \"name\": \"dest.ip\", \"searchable\": true, \"indexed\": true, \"doc_values\": true, \"type\": \"string\", \"scripted\": false}, {\"count\": 0, \"analyzed\": false, \"aggregatable\": true, \"name\": \"dest.ip_location\", \"searchable\": true, \"indexed\": true, \"doc_values\": true, \"type\": \"geo_point\", \"scripted\": false}, {\"count\": 0, \"analyzed\": false, \"aggregatable\": true, \"name\": \"dest.outer_ip\", \"searchable\": true, \"indexed\": true, \"doc_values\": true, \"type\": \"string\", \"scripted\": false}, {\"count\": 0, \"analyzed\": false, \"aggregatable\": true, \"name\": \"dest.outer_ip_location\", \"searchable\": true, \"indexed\": true, \"doc_values\": true, \"type\": \"geo_point\", \"scripted\": false}, {\"count\": 0, \"analyzed\": false, \"aggregatable\": true, \"name\": \"dest.ipv6\", \"searchable\": true, \"indexed\": true, \"doc_values\": true, \"type\": \"string\", \"scripted\": false}, {\"count\": 0, \"analyzed\": false, \"aggregatable\": true, \"name\": \"dest.ipv6_location\", \"searchable\": true, \"indexed\": true, \"doc_values\": true, \"type\": \"geo_point\", \"scripted\": false}, {\"count\": 0, \"analyzed\": false, \"aggregatable\": true, \"name\": \"dest.outer_ipv6\", \"searchable\": true, \"indexed\": true, \"doc_values\": true, \"type\": \"string\", \"scripted\": false}, {\"count\": 0, \"analyzed\": false, \"aggregatable\": true, \"name\": \"dest.outer_ipv6_location\", \"searchable\": true, \"indexed\": true, \"doc_values\": true, \"type\": \"geo_point\", \"scripted\": false}, {\"count\": 0, \"analyzed\": false, \"aggregatable\": true, \"name\": \"dest.port\", \"searchable\": true, \"indexed\": true, \"doc_values\": true, \"type\": \"string\", \"scripted\": false}, {\"count\": 0, \"analyzed\": false, \"aggregatable\": true, \"name\": \"dest.stats.net_packets_total\", \"searchable\": true, \"indexed\": true, \"doc_values\": true, \"type\": \"number\", \"scripted\": false}, {\"count\": 0, \"analyzed\": false, \"aggregatable\": true, \"name\": \"dest.stats.net_bytes_total\", \"searchable\": true, \"indexed\": true, \"doc_values\": true, \"type\": \"number\", \"scripted\": false}, {\"count\": 0, \"analyzed\": false, \"aggregatable\": true, \"name\": \"icmp_id\", \"searchable\": true, \"indexed\": true, \"doc_values\": true, \"type\": \"string\", \"scripted\": false}, {\"count\": 0, \"analyzed\": false, \"aggregatable\": true, \"name\": \"connection_id\", \"searchable\": true, \"indexed\": true, \"doc_values\": true, \"type\": \"string\", \"scripted\": false}, {\"count\": 0, \"analyzed\": false, \"aggregatable\": true, \"name\": \"direction\", \"searchable\": true, \"indexed\": true, \"doc_values\": true, \"type\": \"string\", \"scripted\": false}, {\"count\": 0, \"analyzed\": false, \"aggregatable\": true, \"name\": \"status\", \"searchable\": true, \"indexed\": true, \"doc_values\": true, \"type\": \"string\", \"scripted\": false}, {\"count\": 0, \"analyzed\": false, \"aggregatable\": true, \"name\": \"method\", \"searchable\": true, \"indexed\": true, \"doc_values\": true, \"type\": \"string\", \"scripted\": false}, {\"count\": 0, \"analyzed\": false, \"aggregatable\": true, \"name\": \"resource\", \"searchable\": true, \"indexed\": true, \"doc_values\": true, \"type\": \"string\", \"scripted\": false}, {\"count\": 0, \"analyzed\": false, \"aggregatable\": true, \"name\": \"path\", \"searchable\": true, \"indexed\": true, \"doc_values\": true, \"type\": \"string\", \"scripted\": false}, {\"count\": 0, \"analyzed\": false, \"aggregatable\": true, \"name\": \"query\", \"searchable\": true, \"indexed\": true, \"doc_values\": true, \"type\": \"string\", \"scripted\": false}, {\"count\": 0, \"analyzed\": false, \"aggregatable\": false, \"name\": \"params\", \"searchable\": true, \"indexed\": true, \"doc_values\": true, \"type\": \"string\", \"scripted\": false}, {\"count\": 0, \"analyzed\": false, \"aggregatable\": true, \"name\": \"notes\", \"searchable\": true, \"indexed\": true, \"doc_values\": true, \"type\": \"string\", \"scripted\": false}, {\"count\": 0, \"analyzed\": false, \"aggregatable\": false, \"name\": \"request\", \"searchable\": true, \"indexed\": true, \"doc_values\": true, \"type\": \"string\", \"scripted\": false}, {\"count\": 0, \"analyzed\": false, \"aggregatable\": false, \"name\": \"response\", \"searchable\": true, \"indexed\": true, \"doc_values\": true, \"type\": \"string\", \"scripted\": false}, {\"count\": 0, \"analyzed\": false, \"aggregatable\": true, \"name\": \"responsetime\", \"searchable\": true, \"indexed\": true, \"doc_values\": true, \"type\": \"number\", \"scripted\": false}, {\"count\": 0, \"analyzed\": false, \"aggregatable\": true, \"name\": \"cpu_time\", \"searchable\": true, \"indexed\": true, \"doc_values\": true, \"type\": \"number\", \"scripted\": false}, {\"count\": 0, \"analyzed\": false, \"aggregatable\": true, \"name\": \"bytes_in\", \"searchable\": true, \"indexed\": true, \"doc_values\": true, \"type\": \"number\", \"scripted\": false}, {\"count\": 0, \"analyzed\": false, \"aggregatable\": true, \"name\": \"bytes_out\", \"searchable\": true, \"indexed\": true, \"doc_values\": true, \"type\": \"number\", \"scripted\": false}, {\"count\": 0, \"analyzed\": false, \"aggregatable\": true, \"name\": \"dnstime\", \"searchable\": true, \"indexed\": true, \"doc_values\": true, \"type\": \"number\", \"scripted\": false}, {\"count\": 0, \"analyzed\": false, \"aggregatable\": true, \"name\": \"connecttime\", \"searchable\": true, \"indexed\": true, \"doc_values\": true, \"type\": \"number\", \"scripted\": false}, {\"count\": 0, \"analyzed\": false, \"aggregatable\": true, \"name\": \"loadtime\", \"searchable\": true, \"indexed\": true, \"doc_values\": true, \"type\": \"number\", \"scripted\": false}, {\"count\": 0, \"analyzed\": false, \"aggregatable\": true, \"name\": \"domloadtime\", \"searchable\": true, \"indexed\": true, \"doc_values\": true, \"type\": \"number\", \"scripted\": false}, {\"count\": 0, \"analyzed\": false, \"aggregatable\": true, \"name\": \"amqp.reply-code\", \"searchable\": true, \"indexed\": true, \"doc_values\": true, \"type\": \"number\", \"scripted\": false}, {\"count\": 0, \"analyzed\": false, \"aggregatable\": true, \"name\": \"amqp.reply-text\", \"searchable\": true, \"indexed\": true, \"doc_values\": true, \"type\": \"string\", \"scripted\": false}, {\"count\": 0, \"analyzed\": false, \"aggregatable\": true, \"name\": \"amqp.class-id\", \"searchable\": true, \"indexed\": true, \"doc_values\": true, \"type\": \"number\", \"scripted\": false}, {\"count\": 0, \"analyzed\": false, \"aggregatable\": true, \"name\": \"amqp.method-id\", \"searchable\": true, \"indexed\": true, \"doc_values\": true, \"type\": \"number\", \"scripted\": false}, {\"count\": 0, \"analyzed\": false, \"aggregatable\": true, \"name\": \"amqp.exchange\", \"searchable\": true, \"indexed\": true, \"doc_values\": true, \"type\": \"string\", \"scripted\": false}, {\"count\": 0, \"analyzed\": false, \"aggregatable\": true, \"name\": \"amqp.exchange-type\", \"searchable\": true, \"indexed\": true, \"doc_values\": true, \"type\": \"string\", \"scripted\": false}, {\"count\": 0, \"analyzed\": false, \"aggregatable\": true, \"name\": \"amqp.passive\", \"searchable\": true, \"indexed\": true, \"doc_values\": true, \"scripted\": false}, {\"count\": 0, \"analyzed\": false, \"aggregatable\": true, \"name\": \"amqp.durable\", \"searchable\": true, \"indexed\": true, \"doc_values\": true, \"scripted\": false}, {\"count\": 0, \"analyzed\": false, \"aggregatable\": true, \"name\": \"amqp.exclusive\", \"searchable\": true, \"indexed\": true, \"doc_values\": true, \"scripted\": false}, {\"count\": 0, \"analyzed\": false, \"aggregatable\": true, \"name\": \"amqp.auto-delete\", \"searchable\": true, \"indexed\": true, \"doc_values\": true, \"scripted\": false}, {\"count\": 0, \"analyzed\": false, \"aggregatable\": true, \"name\": \"amqp.no-wait\", \"searchable\": true, \"indexed\": true, \"doc_values\": true, \"scripted\": false}, {\"count\": 0, \"analyzed\": false, \"aggregatable\": true, \"name\": \"amqp.consumer-tag\", \"searchable\": true, \"indexed\": true, \"doc_values\": true, \"type\": \"string\", \"scripted\": false}, {\"count\": 0, \"analyzed\": false, \"aggregatable\": true, \"name\": \"amqp.delivery-tag\", \"searchable\": true, \"indexed\": true, \"doc_values\": true, \"type\": \"number\", \"scripted\": false}, {\"count\": 0, \"analyzed\": false, \"aggregatable\": true, \"name\": \"amqp.message-count\", \"searchable\": true, \"indexed\": true, \"doc_values\": true, \"type\": \"number\", \"scripted\": false}, {\"count\": 0, \"analyzed\": false, \"aggregatable\": true, \"name\": \"amqp.consumer-count\", \"searchable\": true, \"indexed\": true, \"doc_values\": true, \"type\": \"number\", \"scripted\": false}, {\"count\": 0, \"analyzed\": false, \"aggregatable\": true, \"name\": \"amqp.routing-key\", \"searchable\": true, \"indexed\": true, \"doc_values\": true, \"type\": \"string\", \"scripted\": false}, {\"count\": 0, \"analyzed\": false, \"aggregatable\": true, \"name\": \"amqp.no-ack\", \"searchable\": true, \"indexed\": true, \"doc_values\": true, \"scripted\": false}, {\"count\": 0, \"analyzed\": false, \"aggregatable\": true, \"name\": \"amqp.no-local\", \"searchable\": true, \"indexed\": true, \"doc_values\": true, \"scripted\": false}, {\"count\": 0, \"analyzed\": false, \"aggregatable\": true, \"name\": \"amqp.if-unused\", \"searchable\": true, \"indexed\": true, \"doc_values\": true, \"scripted\": false}, {\"count\": 0, \"analyzed\": false, \"aggregatable\": true, \"name\": \"amqp.if-empty\", \"searchable\": true, \"indexed\": true, \"doc_values\": true, \"scripted\": false}, {\"count\": 0, \"analyzed\": false, \"aggregatable\": true, \"name\": \"amqp.queue\", \"searchable\": true, \"indexed\": true, \"doc_values\": true, \"type\": \"string\", \"scripted\": false}, {\"count\": 0, \"analyzed\": false, \"aggregatable\": true, \"name\": \"amqp.redelivered\", \"searchable\": true, \"indexed\": true, \"doc_values\": true, \"scripted\": false}, {\"count\": 0, \"analyzed\": false, \"aggregatable\": true, \"name\": \"amqp.multiple\", \"searchable\": true, \"indexed\": true, \"doc_values\": true, \"scripted\": false}, {\"count\": 0, \"analyzed\": false, \"aggregatable\": true, \"name\": \"amqp.arguments\", \"searchable\": true, \"indexed\": true, \"doc_values\": true, \"scripted\": false}, {\"count\": 0, \"analyzed\": false, \"aggregatable\": true, \"name\": \"amqp.mandatory\", \"searchable\": true, \"indexed\": true, \"doc_values\": true, \"scripted\": false}, {\"count\": 0, \"analyzed\": false, \"aggregatable\": true, \"name\": \"amqp.immediate\", \"searchable\": true, \"indexed\": true, \"doc_values\": true, \"scripted\": false}, {\"count\": 0, \"analyzed\": false, \"aggregatable\": true, \"name\": \"amqp.content-type\", \"searchable\": true, \"indexed\": true, \"doc_values\": true, \"type\": \"string\", \"scripted\": false}, {\"count\": 0, \"analyzed\": false, \"aggregatable\": true, \"name\": \"amqp.content-encoding\", \"searchable\": true, \"indexed\": true, \"doc_values\": true, \"type\": \"string\", \"scripted\": false}, {\"count\": 0, \"analyzed\": false, \"aggregatable\": true, \"name\": \"amqp.headers\", \"searchable\": true, \"indexed\": true, \"doc_values\": true, \"scripted\": false}, {\"count\": 0, \"analyzed\": false, \"aggregatable\": true, \"name\": \"amqp.delivery-mode\", \"searchable\": true, \"indexed\": true, \"doc_values\": true, \"type\": \"string\", \"scripted\": false}, {\"count\": 0, \"analyzed\": false, \"aggregatable\": true, \"name\": \"amqp.priority\", \"searchable\": true, \"indexed\": true, \"doc_values\": true, \"type\": \"number\", \"scripted\": false}, {\"count\": 0, \"analyzed\": false, \"aggregatable\": true, \"name\": \"amqp.correlation-id\", \"searchable\": true, \"indexed\": true, \"doc_values\": true, \"type\": \"string\", \"scripted\": false}, {\"count\": 0, \"analyzed\": false, \"aggregatable\": true, \"name\": \"amqp.reply-to\", \"searchable\": true, \"indexed\": true, \"doc_values\": true, \"type\": \"string\", \"scripted\": false}, {\"count\": 0, \"analyzed\": false, \"aggregatable\": true, \"name\": \"amqp.expiration\", \"searchable\": true, \"indexed\": true, \"doc_values\": true, \"type\": \"string\", \"scripted\": false}, {\"count\": 0, \"analyzed\": false, \"aggregatable\": true, \"name\": \"amqp.message-id\", \"searchable\": true, \"indexed\": true, \"doc_values\": true, \"type\": \"string\", \"scripted\": false}, {\"count\": 0, \"analyzed\": false, \"aggregatable\": true, \"name\": \"amqp.timestamp\", \"searchable\": true, \"indexed\": true, \"doc_values\": true, \"type\": \"string\", \"scripted\": false}, {\"count\": 0, \"analyzed\": false, \"aggregatable\": true, \"name\": \"amqp.type\", \"searchable\": true, \"indexed\": true, \"doc_values\": true, \"type\": \"string\", \"scripted\": false}, {\"count\": 0, \"analyzed\": false, \"aggregatable\": true, \"name\": \"amqp.user-id\", \"searchable\": true, \"indexed\": true, \"doc_values\": true, \"type\": \"string\", \"scripted\": false}, {\"count\": 0, \"analyzed\": false, \"aggregatable\": true, \"name\": \"amqp.app-id\", \"searchable\": true, \"indexed\": true, \"doc_values\": true, \"type\": \"string\", \"scripted\": false}, {\"count\": 0, \"analyzed\": false, \"aggregatable\": true, \"name\": \"cassandra.request.headers.version\", \"searchable\": true, \"indexed\": true, \"doc_values\": true, \"type\": \"number\", \"scripted\": false}, {\"count\": 0, \"analyzed\": false, \"aggregatable\": true, \"name\": \"cassandra.request.headers.flags\", \"searchable\": true, \"indexed\": true, \"doc_values\": true, \"type\": \"string\", \"scripted\": false}, {\"count\": 0, \"analyzed\": false, \"aggregatable\": true, \"name\": \"cassandra.request.headers.stream\", \"searchable\": true, \"indexed\": true, \"doc_values\": true, \"type\": \"string\", \"scripted\": false}, {\"count\": 0, \"analyzed\": false, \"aggregatable\": true, \"name\": \"cassandra.request.headers.op\", \"searchable\": true, \"indexed\": true, \"doc_values\": true, \"type\": \"string\", \"scripted\": false}, {\"count\": 0, \"analyzed\": false, \"aggregatable\": true, \"name\": \"cassandra.request.headers.length\", \"searchable\": true, \"indexed\": true, \"doc_values\": true, \"type\": \"number\", \"scripted\": false}, {\"count\": 0, \"analyzed\": false, \"aggregatable\": true, \"name\": \"cassandra.request.query\", \"searchable\": true, \"indexed\": true, \"doc_values\": true, \"type\": \"string\", \"scripted\": false}, {\"count\": 0, \"analyzed\": false, \"aggregatable\": true, \"name\": \"cassandra.response.headers.version\", \"searchable\": true, \"indexed\": true, \"doc_values\": true, \"type\": \"number\", \"scripted\": false}, {\"count\": 0, \"analyzed\": false, \"aggregatable\": true, \"name\": \"cassandra.response.headers.flags\", \"searchable\": true, \"indexed\": true, \"doc_values\": true, \"type\": \"string\", \"scripted\": false}, {\"count\": 0, \"analyzed\": false, \"aggregatable\": true, \"name\": \"cassandra.response.headers.stream\", \"searchable\": true, \"indexed\": true, \"doc_values\": true, \"type\": \"string\", \"scripted\": false}, {\"count\": 0, \"analyzed\": false, \"aggregatable\": true, \"name\": \"cassandra.response.headers.op\", \"searchable\": true, \"indexed\": true, \"doc_values\": true, \"type\": \"string\", \"scripted\": false}, {\"count\": 0, \"analyzed\": false, \"aggregatable\": true, \"name\": \"cassandra.response.headers.length\", \"searchable\": true, \"indexed\": true, \"doc_values\": true, \"type\": \"number\", \"scripted\": false}, {\"count\": 0, \"analyzed\": false, \"aggregatable\": true, \"name\": \"cassandra.response.result.type\", \"searchable\": true, \"indexed\": true, \"doc_values\": true, \"type\": \"string\", \"scripted\": false}, {\"count\": 0, \"analyzed\": false, \"aggregatable\": true, \"name\": \"cassandra.response.result.rows.num_rows\", \"searchable\": true, \"indexed\": true, \"doc_values\": true, \"type\": \"number\", \"scripted\": false}, {\"count\": 0, \"analyzed\": false, \"aggregatable\": true, \"name\": \"cassandra.response.result.rows.meta.keyspace\", \"searchable\": true, \"indexed\": true, \"doc_values\": true, \"type\": \"string\", \"scripted\": false}, {\"count\": 0, \"analyzed\": false, \"aggregatable\": true, \"name\": \"cassandra.response.result.rows.meta.table\", \"searchable\": true, \"indexed\": true, \"doc_values\": true, \"type\": \"string\", \"scripted\": false}, {\"count\": 0, \"analyzed\": false, \"aggregatable\": true, \"name\": \"cassandra.response.result.rows.meta.flags\", \"searchable\": true, \"indexed\": true, \"doc_values\": true, \"type\": \"string\", \"scripted\": false}, {\"count\": 0, \"analyzed\": false, \"aggregatable\": true, \"name\": \"cassandra.response.result.rows.meta.col_count\", \"searchable\": true, \"indexed\": true, \"doc_values\": true, \"type\": \"number\", \"scripted\": false}, {\"count\": 0, \"analyzed\": false, \"aggregatable\": true, \"name\": \"cassandra.response.result.rows.meta.pkey_columns\", \"searchable\": true, \"indexed\": true, \"doc_values\": true, \"type\": \"number\", \"scripted\": false}, {\"count\": 0, \"analyzed\": false, \"aggregatable\": true, \"name\": \"cassandra.response.result.rows.meta.paging_state\", \"searchable\": true, \"indexed\": true, \"doc_values\": true, \"type\": \"string\", \"scripted\": false}, {\"count\": 0, \"analyzed\": false, \"aggregatable\": true, \"name\": \"cassandra.response.result.keyspace\", \"searchable\": true, \"indexed\": true, \"doc_values\": true, \"type\": \"string\", \"scripted\": false}, {\"count\": 0, \"analyzed\": false, \"aggregatable\": true, \"name\": \"cassandra.response.result.schema_change.change\", \"searchable\": true, \"indexed\": true, \"doc_values\": true, \"type\": \"string\", \"scripted\": false}, {\"count\": 0, \"analyzed\": false, \"aggregatable\": true, \"name\": \"cassandra.response.result.schema_change.keyspace\", \"searchable\": true, \"indexed\": true, \"doc_values\": true, \"type\": \"string\", \"scripted\": false}, {\"count\": 0, \"analyzed\": false, \"aggregatable\": true, \"name\": \"cassandra.response.result.schema_change.table\", \"searchable\": true, \"indexed\": true, \"doc_values\": true, \"type\": \"string\", \"scripted\": false}, {\"count\": 0, \"analyzed\": false, \"aggregatable\": true, \"name\": \"cassandra.response.result.schema_change.object\", \"searchable\": true, \"indexed\": true, \"doc_values\": true, \"type\": \"string\", \"scripted\": false}, {\"count\": 0, \"analyzed\": false, \"aggregatable\": true, \"name\": \"cassandra.response.result.schema_change.target\", \"searchable\": true, \"indexed\": true, \"doc_values\": true, \"type\": \"string\", \"scripted\": false}, {\"count\": 0, \"analyzed\": false, \"aggregatable\": true, \"name\": \"cassandra.response.result.schema_change.name\", \"searchable\": true, \"indexed\": true, \"doc_values\": true, \"type\": \"string\", \"scripted\": false}, {\"count\": 0, \"analyzed\": false, \"aggregatable\": true, \"name\": \"cassandra.response.result.schema_change.args\", \"searchable\": true, \"indexed\": true, \"doc_values\": true, \"type\": \"string\", \"scripted\": false}, {\"count\": 0, \"analyzed\": false, \"aggregatable\": true, \"name\": \"cassandra.response.result.prepared.prepared_id\", \"searchable\": true, \"indexed\": true, \"doc_values\": true, \"type\": \"string\", \"scripted\": false}, {\"count\": 0, \"analyzed\": false, \"aggregatable\": true, \"name\": \"cassandra.response.result.prepared.req_meta.keyspace\", \"searchable\": true, \"indexed\": true, \"doc_values\": true, \"type\": \"string\", \"scripted\": false}, {\"count\": 0, \"analyzed\": false, \"aggregatable\": true, \"name\": \"cassandra.response.result.prepared.req_meta.table\", \"searchable\": true, \"indexed\": true, \"doc_values\": true, \"type\": \"string\", \"scripted\": false}, {\"count\": 0, \"analyzed\": false, \"aggregatable\": true, \"name\": \"cassandra.response.result.prepared.req_meta.flags\", \"searchable\": true, \"indexed\": true, \"doc_values\": true, \"type\": \"string\", \"scripted\": false}, {\"count\": 0, \"analyzed\": false, \"aggregatable\": true, \"name\": \"cassandra.response.result.prepared.req_meta.col_count\", \"searchable\": true, \"indexed\": true, \"doc_values\": true, \"type\": \"number\", \"scripted\": false}, {\"count\": 0, \"analyzed\": false, \"aggregatable\": true, \"name\": \"cassandra.response.result.prepared.req_meta.pkey_columns\", \"searchable\": true, \"indexed\": true, \"doc_values\": true, \"type\": \"number\", \"scripted\": false}, {\"count\": 0, \"analyzed\": false, \"aggregatable\": true, \"name\": \"cassandra.response.result.prepared.req_meta.paging_state\", \"searchable\": true, \"indexed\": true, \"doc_values\": true, \"type\": \"string\", \"scripted\": false}, {\"count\": 0, \"analyzed\": false, \"aggregatable\": true, \"name\": \"cassandra.response.result.prepared.resp_meta.keyspace\", \"searchable\": true, \"indexed\": true, \"doc_values\": true, \"type\": \"string\", \"scripted\": false}, {\"count\": 0, \"analyzed\": false, \"aggregatable\": true, \"name\": \"cassandra.response.result.prepared.resp_meta.table\", \"searchable\": true, \"indexed\": true, \"doc_values\": true, \"type\": \"string\", \"scripted\": false}, {\"count\": 0, \"analyzed\": false, \"aggregatable\": true, \"name\": \"cassandra.response.result.prepared.resp_meta.flags\", \"searchable\": true, \"indexed\": true, \"doc_values\": true, \"type\": \"string\", \"scripted\": false}, {\"count\": 0, \"analyzed\": false, \"aggregatable\": true, \"name\": \"cassandra.response.result.prepared.resp_meta.col_count\", \"searchable\": true, \"indexed\": true, \"doc_values\": true, \"type\": \"number\", \"scripted\": false}, {\"count\": 0, \"analyzed\": false, \"aggregatable\": true, \"name\": \"cassandra.response.result.prepared.resp_meta.pkey_columns\", \"searchable\": true, \"indexed\": true, \"doc_values\": true, \"type\": \"number\", \"scripted\": false}, {\"count\": 0, \"analyzed\": false, \"aggregatable\": true, \"name\": \"cassandra.response.result.prepared.resp_meta.paging_state\", \"searchable\": true, \"indexed\": true, \"doc_values\": true, \"type\": \"string\", \"scripted\": false}, {\"count\": 0, \"analyzed\": false, \"aggregatable\": true, \"name\": \"cassandra.response.supported\", \"searchable\": true, \"indexed\": true, \"doc_values\": true, \"scripted\": false}, {\"count\": 0, \"analyzed\": false, \"aggregatable\": true, \"name\": \"cassandra.response.authentication.class\", \"searchable\": true, \"indexed\": true, \"doc_values\": true, \"type\": \"string\", \"scripted\": false}, {\"count\": 0, \"analyzed\": false, \"aggregatable\": true, \"name\": \"cassandra.response.warnings\", \"searchable\": true, \"indexed\": true, \"doc_values\": true, \"type\": \"string\", \"scripted\": false}, {\"count\": 0, \"analyzed\": false, \"aggregatable\": true, \"name\": \"cassandra.response.event.type\", \"searchable\": true, \"indexed\": true, \"doc_values\": true, \"type\": \"string\", \"scripted\": false}, {\"count\": 0, \"analyzed\": false, \"aggregatable\": true, \"name\": \"cassandra.response.event.change\", \"searchable\": true, \"indexed\": true, \"doc_values\": true, \"type\": \"string\", \"scripted\": false}, {\"count\": 0, \"analyzed\": false, \"aggregatable\": true, \"name\": \"cassandra.response.event.host\", \"searchable\": true, \"indexed\": true, \"doc_values\": true, \"type\": \"string\", \"scripted\": false}, {\"count\": 0, \"analyzed\": false, \"aggregatable\": true, \"name\": \"cassandra.response.event.port\", \"searchable\": true, \"indexed\": true, \"doc_values\": true, \"type\": \"number\", \"scripted\": false}, {\"count\": 0, \"analyzed\": false, \"aggregatable\": true, \"name\": \"cassandra.response.event.schema_change.change\", \"searchable\": true, \"indexed\": true, \"doc_values\": true, \"type\": \"string\", \"scripted\": false}, {\"count\": 0, \"analyzed\": false, \"aggregatable\": true, \"name\": \"cassandra.response.event.schema_change.keyspace\", \"searchable\": true, \"indexed\": true, \"doc_values\": true, \"type\": \"string\", \"scripted\": false}, {\"count\": 0, \"analyzed\": false, \"aggregatable\": true, \"name\": \"cassandra.response.event.schema_change.table\", \"searchable\": true, \"indexed\": true, \"doc_values\": true, \"type\": \"string\", \"scripted\": false}, {\"count\": 0, \"analyzed\": false, \"aggregatable\": true, \"name\": \"cassandra.response.event.schema_change.object\", \"searchable\": true, \"indexed\": true, \"doc_values\": true, \"type\": \"string\", \"scripted\": false}, {\"count\": 0, \"analyzed\": false, \"aggregatable\": true, \"name\": \"cassandra.response.event.schema_change.target\", \"searchable\": true, \"indexed\": true, \"doc_values\": true, \"type\": \"string\", \"scripted\": false}, {\"count\": 0, \"analyzed\": false, \"aggregatable\": true, \"name\": \"cassandra.response.event.schema_change.name\", \"searchable\": true, \"indexed\": true, \"doc_values\": true, \"type\": \"string\", \"scripted\": false}, {\"count\": 0, \"analyzed\": false, \"aggregatable\": true, \"name\": \"cassandra.response.event.schema_change.args\", \"searchable\": true, \"indexed\": true, \"doc_values\": true, \"type\": \"string\", \"scripted\": false}, {\"count\": 0, \"analyzed\": false, \"aggregatable\": true, \"name\": \"cassandra.response.error.code\", \"searchable\": true, \"indexed\": true, \"doc_values\": true, \"type\": \"number\", \"scripted\": false}, {\"count\": 0, \"analyzed\": false, \"aggregatable\": true, \"name\": \"cassandra.response.error.msg\", \"searchable\": true, \"indexed\": true, \"doc_values\": true, \"type\": \"string\", \"scripted\": false}, {\"count\": 0, \"analyzed\": false, \"aggregatable\": true, \"name\": \"cassandra.response.error.type\", \"searchable\": true, \"indexed\": true, \"doc_values\": true, \"type\": \"string\", \"scripted\": false}, {\"count\": 0, \"analyzed\": false, \"aggregatable\": true, \"name\": \"cassandra.response.error.details.read_consistency\", \"searchable\": true, \"indexed\": true, \"doc_values\": true, \"type\": \"string\", \"scripted\": false}, {\"count\": 0, \"analyzed\": false, \"aggregatable\": true, \"name\": \"cassandra.response.error.details.required\", \"searchable\": true, \"indexed\": true, \"doc_values\": true, \"type\": \"number\", \"scripted\": false}, {\"count\": 0, \"analyzed\": false, \"aggregatable\": true, \"name\": \"cassandra.response.error.details.alive\", \"searchable\": true, \"indexed\": true, \"doc_values\": true, \"type\": \"number\", \"scripted\": false}, {\"count\": 0, \"analyzed\": false, \"aggregatable\": true, \"name\": \"cassandra.response.error.details.received\", \"searchable\": true, \"indexed\": true, \"doc_values\": true, \"type\": \"number\", \"scripted\": false}, {\"count\": 0, \"analyzed\": false, \"aggregatable\": true, \"name\": \"cassandra.response.error.details.blockfor\", \"searchable\": true, \"indexed\": true, \"doc_values\": true, \"type\": \"number\", \"scripted\": false}, {\"count\": 0, \"analyzed\": false, \"aggregatable\": true, \"name\": \"cassandra.response.error.details.write_type\", \"searchable\": true, \"indexed\": true, \"doc_values\": true, \"type\": \"string\", \"scripted\": false}, {\"count\": 0, \"analyzed\": false, \"aggregatable\": true, \"name\": \"cassandra.response.error.details.data_present\", \"searchable\": true, \"indexed\": true, \"doc_values\": true, \"scripted\": false}, {\"count\": 0, \"analyzed\": false, \"aggregatable\": true, \"name\": \"cassandra.response.error.details.keyspace\", \"searchable\": true, \"indexed\": true, \"doc_values\": true, \"type\": \"string\", \"scripted\": false}, {\"count\": 0, \"analyzed\": false, \"aggregatable\": true, \"name\": \"cassandra.response.error.details.table\", \"searchable\": true, \"indexed\": true, \"doc_values\": true, \"type\": \"string\", \"scripted\": false}, {\"count\": 0, \"analyzed\": false, \"aggregatable\": true, \"name\": \"cassandra.response.error.details.stmt_id\", \"searchable\": true, \"indexed\": true, \"doc_values\": true, \"type\": \"string\", \"scripted\": false}, {\"count\": 0, \"analyzed\": false, \"aggregatable\": true, \"name\": \"cassandra.response.error.details.num_failures\", \"searchable\": true, \"indexed\": true, \"doc_values\": true, \"type\": \"string\", \"scripted\": false}, {\"count\": 0, \"analyzed\": false, \"aggregatable\": true, \"name\": \"cassandra.response.error.details.function\", \"searchable\": true, \"indexed\": true, \"doc_values\": true, \"type\": \"string\", \"scripted\": false}, {\"count\": 0, \"analyzed\": false, \"aggregatable\": true, \"name\": \"cassandra.response.error.details.arg_types\", \"searchable\": true, \"indexed\": true, \"doc_values\": true, \"type\": \"string\", \"scripted\": false}, {\"count\": 0, \"analyzed\": false, \"aggregatable\": true, \"name\": \"dns.id\", \"searchable\": true, \"indexed\": true, \"doc_values\": true, \"type\": \"number\", \"scripted\": false}, {\"count\": 0, \"analyzed\": false, \"aggregatable\": true, \"name\": \"dns.op_code\", \"searchable\": true, \"indexed\": true, \"doc_values\": true, \"type\": \"string\", \"scripted\": false}, {\"count\": 0, \"analyzed\": false, \"aggregatable\": true, \"name\": \"dns.flags.authoritative\", \"searchable\": true, \"indexed\": true, \"doc_values\": true, \"scripted\": false}, {\"count\": 0, \"analyzed\": false, \"aggregatable\": true, \"name\": \"dns.flags.recursion_available\", \"searchable\": true, \"indexed\": true, \"doc_values\": true, \"scripted\": false}, {\"count\": 0, \"analyzed\": false, \"aggregatable\": true, \"name\": \"dns.flags.recursion_desired\", \"searchable\": true, \"indexed\": true, \"doc_values\": true, \"scripted\": false}, {\"count\": 0, \"analyzed\": false, \"aggregatable\": true, \"name\": \"dns.flags.authentic_data\", \"searchable\": true, \"indexed\": true, \"doc_values\": true, \"scripted\": false}, {\"count\": 0, \"analyzed\": false, \"aggregatable\": true, \"name\": \"dns.flags.checking_disabled\", \"searchable\": true, \"indexed\": true, \"doc_values\": true, \"scripted\": false}, {\"count\": 0, \"analyzed\": false, \"aggregatable\": true, \"name\": \"dns.flags.truncated_response\", \"searchable\": true, \"indexed\": true, \"doc_values\": true, \"scripted\": false}, {\"count\": 0, \"analyzed\": false, \"aggregatable\": true, \"name\": \"dns.response_code\", \"searchable\": true, \"indexed\": true, \"doc_values\": true, \"type\": \"string\", \"scripted\": false}, {\"count\": 0, \"analyzed\": false, \"aggregatable\": true, \"name\": \"dns.question.name\", \"searchable\": true, \"indexed\": true, \"doc_values\": true, \"type\": \"string\", \"scripted\": false}, {\"count\": 0, \"analyzed\": false, \"aggregatable\": true, \"name\": \"dns.question.type\", \"searchable\": true, \"indexed\": true, \"doc_values\": true, \"type\": \"string\", \"scripted\": false}, {\"count\": 0, \"analyzed\": false, \"aggregatable\": true, \"name\": \"dns.question.class\", \"searchable\": true, \"indexed\": true, \"doc_values\": true, \"type\": \"string\", \"scripted\": false}, {\"count\": 0, \"analyzed\": false, \"aggregatable\": true, \"name\": \"dns.question.etld_plus_one\", \"searchable\": true, \"indexed\": true, \"doc_values\": true, \"type\": \"string\", \"scripted\": false}, {\"count\": 0, \"analyzed\": false, \"aggregatable\": true, \"name\": \"dns.answers\", \"searchable\": true, \"indexed\": true, \"doc_values\": true, \"scripted\": false}, {\"count\": 0, \"analyzed\": false, \"aggregatable\": true, \"name\": \"dns.answers_count\", \"searchable\": true, \"indexed\": true, \"doc_values\": true, \"type\": \"number\", \"scripted\": false}, {\"count\": 0, \"analyzed\": false, \"aggregatable\": true, \"name\": \"dns.answers.name\", \"searchable\": true, \"indexed\": true, \"doc_values\": true, \"type\": \"string\", \"scripted\": false}, {\"count\": 0, \"analyzed\": false, \"aggregatable\": true, \"name\": \"dns.answers.type\", \"searchable\": true, \"indexed\": true, \"doc_values\": true, \"type\": \"string\", \"scripted\": false}, {\"count\": 0, \"analyzed\": false, \"aggregatable\": true, \"name\": \"dns.answers.class\", \"searchable\": true, \"indexed\": true, \"doc_values\": true, \"type\": \"string\", \"scripted\": false}, {\"count\": 0, \"analyzed\": false, \"aggregatable\": true, \"name\": \"dns.answers.ttl\", \"searchable\": true, \"indexed\": true, \"doc_values\": true, \"type\": \"number\", \"scripted\": false}, {\"count\": 0, \"analyzed\": false, \"aggregatable\": true, \"name\": \"dns.answers.data\", \"searchable\": true, \"indexed\": true, \"doc_values\": true, \"type\": \"string\", \"scripted\": false}, {\"count\": 0, \"analyzed\": false, \"aggregatable\": true, \"name\": \"dns.authorities\", \"searchable\": true, \"indexed\": true, \"doc_values\": true, \"scripted\": false}, {\"count\": 0, \"analyzed\": false, \"aggregatable\": true, \"name\": \"dns.authorities_count\", \"searchable\": true, \"indexed\": true, \"doc_values\": true, \"type\": \"number\", \"scripted\": false}, {\"count\": 0, \"analyzed\": false, \"aggregatable\": true, \"name\": \"dns.authorities.name\", \"searchable\": true, \"indexed\": true, \"doc_values\": true, \"type\": \"string\", \"scripted\": false}, {\"count\": 0, \"analyzed\": false, \"aggregatable\": true, \"name\": \"dns.authorities.type\", \"searchable\": true, \"indexed\": true, \"doc_values\": true, \"type\": \"string\", \"scripted\": false}, {\"count\": 0, \"analyzed\": false, \"aggregatable\": true, \"name\": \"dns.authorities.class\", \"searchable\": true, \"indexed\": true, \"doc_values\": true, \"type\": \"string\", \"scripted\": false}, {\"count\": 0, \"analyzed\": false, \"aggregatable\": true, \"name\": \"dns.additionals\", \"searchable\": true, \"indexed\": true, \"doc_values\": true, \"scripted\": false}, {\"count\": 0, \"analyzed\": false, \"aggregatable\": true, \"name\": \"dns.additionals_count\", \"searchable\": true, \"indexed\": true, \"doc_values\": true, \"type\": \"number\", \"scripted\": false}, {\"count\": 0, \"analyzed\": false, \"aggregatable\": true, \"name\": \"dns.additionals.name\", \"searchable\": true, \"indexed\": true, \"doc_values\": true, \"type\": \"string\", \"scripted\": false}, {\"count\": 0, \"analyzed\": false, \"aggregatable\": true, \"name\": \"dns.additionals.type\", \"searchable\": true, \"indexed\": true, \"doc_values\": true, \"type\": \"string\", \"scripted\": false}, {\"count\": 0, \"analyzed\": false, \"aggregatable\": true, \"name\": \"dns.additionals.class\", \"searchable\": true, \"indexed\": true, \"doc_values\": true, \"type\": \"string\", \"scripted\": false}, {\"count\": 0, \"analyzed\": false, \"aggregatable\": true, \"name\": \"dns.additionals.ttl\", \"searchable\": true, \"indexed\": true, \"doc_values\": true, \"type\": \"number\", \"scripted\": false}, {\"count\": 0, \"analyzed\": false, \"aggregatable\": true, \"name\": \"dns.additionals.data\", \"searchable\": true, \"indexed\": true, \"doc_values\": true, \"type\": \"string\", \"scripted\": false}, {\"count\": 0, \"analyzed\": false, \"aggregatable\": true, \"name\": \"dns.opt.version\", \"searchable\": true, \"indexed\": true, \"doc_values\": true, \"type\": \"string\", \"scripted\": false}, {\"count\": 0, \"analyzed\": false, \"aggregatable\": true, \"name\": \"dns.opt.do\", \"searchable\": true, \"indexed\": true, \"doc_values\": true, \"scripted\": false}, {\"count\": 0, \"analyzed\": false, \"aggregatable\": true, \"name\": \"dns.opt.ext_rcode\", \"searchable\": true, \"indexed\": true, \"doc_values\": true, \"type\": \"string\", \"scripted\": false}, {\"count\": 0, \"analyzed\": false, \"aggregatable\": true, \"name\": \"dns.opt.udp_size\", \"searchable\": true, \"indexed\": true, \"doc_values\": true, \"type\": \"number\", \"scripted\": false}, {\"count\": 0, \"analyzed\": false, \"aggregatable\": true, \"name\": \"http.request.params\", \"searchable\": true, \"indexed\": true, \"doc_values\": true, \"type\": \"string\", \"scripted\": false}, {\"count\": 0, \"analyzed\": false, \"aggregatable\": true, \"name\": \"http.request.headers\", \"searchable\": true, \"indexed\": true, \"doc_values\": true, \"scripted\": false}, {\"count\": 0, \"analyzed\": false, \"aggregatable\": false, \"name\": \"http.request.body\", \"searchable\": true, \"indexed\": true, \"doc_values\": true, \"type\": \"string\", \"scripted\": false}, {\"count\": 0, \"analyzed\": false, \"aggregatable\": true, \"name\": \"http.response.code\", \"searchable\": true, \"indexed\": true, \"doc_values\": true, \"type\": \"string\", \"scripted\": false}, {\"count\": 0, \"analyzed\": false, \"aggregatable\": true, \"name\": \"http.response.phrase\", \"searchable\": true, \"indexed\": true, \"doc_values\": true, \"type\": \"string\", \"scripted\": false}, {\"count\": 0, \"analyzed\": false, \"aggregatable\": true, \"name\": \"http.response.headers\", \"searchable\": true, \"indexed\": true, \"doc_values\": true, \"scripted\": false}, {\"count\": 0, \"analyzed\": false, \"aggregatable\": true, \"name\": \"http.response.body\", \"searchable\": true, \"indexed\": true, \"doc_values\": true, \"type\": \"string\", \"scripted\": false}, {\"count\": 0, \"analyzed\": false, \"aggregatable\": true, \"name\": \"icmp.version\", \"searchable\": true, \"indexed\": true, \"doc_values\": true, \"type\": \"string\", \"scripted\": false}, {\"count\": 0, \"analyzed\": false, \"aggregatable\": true, \"name\": \"icmp.request.message\", \"searchable\": true, \"indexed\": true, \"doc_values\": true, \"type\": \"string\", \"scripted\": false}, {\"count\": 0, \"analyzed\": false, \"aggregatable\": true, \"name\": \"icmp.request.type\", \"searchable\": true, \"indexed\": true, \"doc_values\": true, \"type\": \"number\", \"scripted\": false}, {\"count\": 0, \"analyzed\": false, \"aggregatable\": true, \"name\": \"icmp.request.code\", \"searchable\": true, \"indexed\": true, \"doc_values\": true, \"type\": \"number\", \"scripted\": false}, {\"count\": 0, \"analyzed\": false, \"aggregatable\": true, \"name\": \"icmp.response.message\", \"searchable\": true, \"indexed\": true, \"doc_values\": true, \"type\": \"string\", \"scripted\": false}, {\"count\": 0, \"analyzed\": false, \"aggregatable\": true, \"name\": \"icmp.response.type\", \"searchable\": true, \"indexed\": true, \"doc_values\": true, \"type\": \"number\", \"scripted\": false}, {\"count\": 0, \"analyzed\": false, \"aggregatable\": true, \"name\": \"icmp.response.code\", \"searchable\": true, \"indexed\": true, \"doc_values\": true, \"type\": \"number\", \"scripted\": false}, {\"count\": 0, \"analyzed\": false, \"aggregatable\": true, \"name\": \"memcache.protocol_type\", \"searchable\": true, \"indexed\": true, \"doc_values\": true, \"type\": \"string\", \"scripted\": false}, {\"count\": 0, \"analyzed\": false, \"aggregatable\": true, \"name\": \"memcache.request.line\", \"searchable\": true, \"indexed\": true, \"doc_values\": true, \"type\": \"string\", \"scripted\": false}, {\"count\": 0, \"analyzed\": false, \"aggregatable\": true, \"name\": \"memcache.request.command\", \"searchable\": true, \"indexed\": true, \"doc_values\": true, \"type\": \"string\", \"scripted\": false}, {\"count\": 0, \"analyzed\": false, \"aggregatable\": true, \"name\": \"memcache.response.command\", \"searchable\": true, \"indexed\": true, \"doc_values\": true, \"type\": \"string\", \"scripted\": false}, {\"count\": 0, \"analyzed\": false, \"aggregatable\": true, \"name\": \"memcache.request.type\", \"searchable\": true, \"indexed\": true, \"doc_values\": true, \"type\": \"string\", \"scripted\": false}, {\"count\": 0, \"analyzed\": false, \"aggregatable\": true, \"name\": \"memcache.response.type\", \"searchable\": true, \"indexed\": true, \"doc_values\": true, \"type\": \"string\", \"scripted\": false}, {\"count\": 0, \"analyzed\": false, \"aggregatable\": true, \"name\": \"memcache.response.error_msg\", \"searchable\": true, \"indexed\": true, \"doc_values\": true, \"type\": \"string\", \"scripted\": false}, {\"count\": 0, \"analyzed\": false, \"aggregatable\": true, \"name\": \"memcache.request.opcode\", \"searchable\": true, \"indexed\": true, \"doc_values\": true, \"type\": \"string\", \"scripted\": false}, {\"count\": 0, \"analyzed\": false, \"aggregatable\": true, \"name\": \"memcache.response.opcode\", \"searchable\": true, \"indexed\": true, \"doc_values\": true, \"type\": \"string\", \"scripted\": false}, {\"count\": 0, \"analyzed\": false, \"aggregatable\": true, \"name\": \"memcache.request.opcode_value\", \"searchable\": true, \"indexed\": true, \"doc_values\": true, \"type\": \"number\", \"scripted\": false}, {\"count\": 0, \"analyzed\": false, \"aggregatable\": true, \"name\": \"memcache.response.opcode_value\", \"searchable\": true, \"indexed\": true, \"doc_values\": true, \"type\": \"number\", \"scripted\": false}, {\"count\": 0, \"analyzed\": false, \"aggregatable\": true, \"name\": \"memcache.request.opaque\", \"searchable\": true, \"indexed\": true, \"doc_values\": true, \"type\": \"number\", \"scripted\": false}, {\"count\": 0, \"analyzed\": false, \"aggregatable\": true, \"name\": \"memcache.response.opaque\", \"searchable\": true, \"indexed\": true, \"doc_values\": true, \"type\": \"number\", \"scripted\": false}, {\"count\": 0, \"analyzed\": false, \"aggregatable\": true, \"name\": \"memcache.request.vbucket\", \"searchable\": true, \"indexed\": true, \"doc_values\": true, \"type\": \"number\", \"scripted\": false}, {\"count\": 0, \"analyzed\": false, \"aggregatable\": true, \"name\": \"memcache.response.status\", \"searchable\": true, \"indexed\": true, \"doc_values\": true, \"type\": \"string\", \"scripted\": false}, {\"count\": 0, \"analyzed\": false, \"aggregatable\": true, \"name\": \"memcache.response.status_code\", \"searchable\": true, \"indexed\": true, \"doc_values\": true, \"type\": \"number\", \"scripted\": false}, {\"count\": 0, \"analyzed\": false, \"aggregatable\": true, \"name\": \"memcache.request.keys\", \"searchable\": true, \"indexed\": true, \"doc_values\": true, \"scripted\": false}, {\"count\": 0, \"analyzed\": false, \"aggregatable\": true, \"name\": \"memcache.response.keys\", \"searchable\": true, \"indexed\": true, \"doc_values\": true, \"scripted\": false}, {\"count\": 0, \"analyzed\": false, \"aggregatable\": true, \"name\": \"memcache.request.count_values\", \"searchable\": true, \"indexed\": true, \"doc_values\": true, \"type\": \"number\", \"scripted\": false}, {\"count\": 0, \"analyzed\": false, \"aggregatable\": true, \"name\": \"memcache.response.count_values\", \"searchable\": true, \"indexed\": true, \"doc_values\": true, \"type\": \"number\", \"scripted\": false}, {\"count\": 0, \"analyzed\": false, \"aggregatable\": true, \"name\": \"memcache.request.values\", \"searchable\": true, \"indexed\": true, \"doc_values\": true, \"scripted\": false}, {\"count\": 0, \"analyzed\": false, \"aggregatable\": true, \"name\": \"memcache.response.values\", \"searchable\": true, \"indexed\": true, \"doc_values\": true, \"scripted\": false}, {\"count\": 0, \"analyzed\": false, \"aggregatable\": true, \"name\": \"memcache.request.bytes\", \"searchable\": true, \"indexed\": true, \"doc_values\": true, \"type\": \"number\", \"scripted\": false}, {\"count\": 0, \"analyzed\": false, \"aggregatable\": true, \"name\": \"memcache.response.bytes\", \"searchable\": true, \"indexed\": true, \"doc_values\": true, \"type\": \"number\", \"scripted\": false}, {\"count\": 0, \"analyzed\": false, \"aggregatable\": true, \"name\": \"memcache.request.delta\", \"searchable\": true, \"indexed\": true, \"doc_values\": true, \"type\": \"number\", \"scripted\": false}, {\"count\": 0, \"analyzed\": false, \"aggregatable\": true, \"name\": \"memcache.request.initial\", \"searchable\": true, \"indexed\": true, \"doc_values\": true, \"type\": \"number\", \"scripted\": false}, {\"count\": 0, \"analyzed\": false, \"aggregatable\": true, \"name\": \"memcache.request.verbosity\", \"searchable\": true, \"indexed\": true, \"doc_values\": true, \"type\": \"number\", \"scripted\": false}, {\"count\": 0, \"analyzed\": false, \"aggregatable\": true, \"name\": \"memcache.request.raw_args\", \"searchable\": true, \"indexed\": true, \"doc_values\": true, \"type\": \"string\", \"scripted\": false}, {\"count\": 0, \"analyzed\": false, \"aggregatable\": true, \"name\": \"memcache.request.source_class\", \"searchable\": true, \"indexed\": true, \"doc_values\": true, \"type\": \"number\", \"scripted\": false}, {\"count\": 0, \"analyzed\": false, \"aggregatable\": true, \"name\": \"memcache.request.dest_class\", \"searchable\": true, \"indexed\": true, \"doc_values\": true, \"type\": \"number\", \"scripted\": false}, {\"count\": 0, \"analyzed\": false, \"aggregatable\": true, \"name\": \"memcache.request.automove\", \"searchable\": true, \"indexed\": true, \"doc_values\": true, \"type\": \"string\", \"scripted\": false}, {\"count\": 0, \"analyzed\": false, \"aggregatable\": true, \"name\": \"memcache.request.flags\", \"searchable\": true, \"indexed\": true, \"doc_values\": true, \"type\": \"number\", \"scripted\": false}, {\"count\": 0, \"analyzed\": false, \"aggregatable\": true, \"name\": \"memcache.response.flags\", \"searchable\": true, \"indexed\": true, \"doc_values\": true, \"type\": \"number\", \"scripted\": false}, {\"count\": 0, \"analyzed\": false, \"aggregatable\": true, \"name\": \"memcache.request.exptime\", \"searchable\": true, \"indexed\": true, \"doc_values\": true, \"type\": \"number\", \"scripted\": false}, {\"count\": 0, \"analyzed\": false, \"aggregatable\": true, \"name\": \"memcache.request.sleep_us\", \"searchable\": true, \"indexed\": true, \"doc_values\": true, \"type\": \"number\", \"scripted\": false}, {\"count\": 0, \"analyzed\": false, \"aggregatable\": true, \"name\": \"memcache.response.value\", \"searchable\": true, \"indexed\": true, \"doc_values\": true, \"type\": \"number\", \"scripted\": false}, {\"count\": 0, \"analyzed\": false, \"aggregatable\": true, \"name\": \"memcache.request.noreply\", \"searchable\": true, \"indexed\": true, \"doc_values\": true, \"scripted\": false}, {\"count\": 0, \"analyzed\": false, \"aggregatable\": true, \"name\": \"memcache.request.quiet\", \"searchable\": true, \"indexed\": true, \"doc_values\": true, \"scripted\": false}, {\"count\": 0, \"analyzed\": false, \"aggregatable\": true, \"name\": \"memcache.request.cas_unique\", \"searchable\": true, \"indexed\": true, \"doc_values\": true, \"type\": \"number\", \"scripted\": false}, {\"count\": 0, \"analyzed\": false, \"aggregatable\": true, \"name\": \"memcache.response.cas_unique\", \"searchable\": true, \"indexed\": true, \"doc_values\": true, \"type\": \"number\", \"scripted\": false}, {\"count\": 0, \"analyzed\": false, \"aggregatable\": true, \"name\": \"memcache.response.stats\", \"searchable\": true, \"indexed\": true, \"doc_values\": true, \"scripted\": false}, {\"count\": 0, \"analyzed\": false, \"aggregatable\": true, \"name\": \"memcache.response.version\", \"searchable\": true, \"indexed\": true, \"doc_values\": true, \"type\": \"string\", \"scripted\": false}, {\"count\": 0, \"analyzed\": false, \"aggregatable\": true, \"name\": \"mongodb.error\", \"searchable\": true, \"indexed\": true, \"doc_values\": true, \"type\": \"string\", \"scripted\": false}, {\"count\": 0, \"analyzed\": false, \"aggregatable\": true, \"name\": \"mongodb.fullCollectionName\", \"searchable\": true, \"indexed\": true, \"doc_values\": true, \"type\": \"string\", \"scripted\": false}, {\"count\": 0, \"analyzed\": false, \"aggregatable\": true, \"name\": \"mongodb.numberToSkip\", \"searchable\": true, \"indexed\": true, \"doc_values\": true, \"type\": \"number\", \"scripted\": false}, {\"count\": 0, \"analyzed\": false, \"aggregatable\": true, \"name\": \"mongodb.numberToReturn\", \"searchable\": true, \"indexed\": true, \"doc_values\": true, \"type\": \"number\", \"scripted\": false}, {\"count\": 0, \"analyzed\": false, \"aggregatable\": true, \"name\": \"mongodb.numberReturned\", \"searchable\": true, \"indexed\": true, \"doc_values\": true, \"type\": \"number\", \"scripted\": false}, {\"count\": 0, \"analyzed\": false, \"aggregatable\": true, \"name\": \"mongodb.startingFrom\", \"searchable\": true, \"indexed\": true, \"doc_values\": true, \"type\": \"string\", \"scripted\": false}, {\"count\": 0, \"analyzed\": false, \"aggregatable\": true, \"name\": \"mongodb.query\", \"searchable\": true, \"indexed\": true, \"doc_values\": true, \"type\": \"string\", \"scripted\": false}, {\"count\": 0, \"analyzed\": false, \"aggregatable\": true, \"name\": \"mongodb.returnFieldsSelector\", \"searchable\": true, \"indexed\": true, \"doc_values\": true, \"type\": \"string\", \"scripted\": false}, {\"count\": 0, \"analyzed\": false, \"aggregatable\": true, \"name\": \"mongodb.selector\", \"searchable\": true, \"indexed\": true, \"doc_values\": true, \"type\": \"string\", \"scripted\": false}, {\"count\": 0, \"analyzed\": false, \"aggregatable\": true, \"name\": \"mongodb.update\", \"searchable\": true, \"indexed\": true, \"doc_values\": true, \"type\": \"string\", \"scripted\": false}, {\"count\": 0, \"analyzed\": false, \"aggregatable\": true, \"name\": \"mongodb.cursorId\", \"searchable\": true, \"indexed\": true, \"doc_values\": true, \"type\": \"string\", \"scripted\": false}, {\"count\": 0, \"analyzed\": false, \"aggregatable\": true, \"name\": \"rpc.xid\", \"searchable\": true, \"indexed\": true, \"doc_values\": true, \"type\": \"string\", \"scripted\": false}, {\"count\": 0, \"analyzed\": false, \"aggregatable\": true, \"name\": \"rpc.call_size\", \"searchable\": true, \"indexed\": true, \"doc_values\": true, \"type\": \"number\", \"scripted\": false}, {\"count\": 0, \"analyzed\": false, \"aggregatable\": true, \"name\": \"rpc.reply_size\", \"searchable\": true, \"indexed\": true, \"doc_values\": true, \"type\": \"number\", \"scripted\": false}, {\"count\": 0, \"analyzed\": false, \"aggregatable\": true, \"name\": \"rpc.status\", \"searchable\": true, \"indexed\": true, \"doc_values\": true, \"type\": \"string\", \"scripted\": false}, {\"count\": 0, \"analyzed\": false, \"aggregatable\": true, \"name\": \"rpc.time\", \"searchable\": true, \"indexed\": true, \"doc_values\": true, \"type\": \"number\", \"scripted\": false}, {\"count\": 0, \"analyzed\": false, \"aggregatable\": true, \"name\": \"rpc.time_str\", \"searchable\": true, \"indexed\": true, \"doc_values\": true, \"type\": \"string\", \"scripted\": false}, {\"count\": 0, \"analyzed\": false, \"aggregatable\": true, \"name\": \"rpc.auth_flavor\", \"searchable\": true, \"indexed\": true, \"doc_values\": true, \"type\": \"string\", \"scripted\": false}, {\"count\": 0, \"analyzed\": false, \"aggregatable\": true, \"name\": \"rpc.cred.uid\", \"searchable\": true, \"indexed\": true, \"doc_values\": true, \"type\": \"number\", \"scripted\": false}, {\"count\": 0, \"analyzed\": false, \"aggregatable\": true, \"name\": \"rpc.cred.gid\", \"searchable\": true, \"indexed\": true, \"doc_values\": true, \"type\": \"number\", \"scripted\": false}, {\"count\": 0, \"analyzed\": false, \"aggregatable\": true, \"name\": \"rpc.cred.gids\", \"searchable\": true, \"indexed\": true, \"doc_values\": true, \"type\": \"string\", \"scripted\": false}, {\"count\": 0, \"analyzed\": false, \"aggregatable\": true, \"name\": \"rpc.cred.stamp\", \"searchable\": true, \"indexed\": true, \"doc_values\": true, \"type\": \"number\", \"scripted\": false}, {\"count\": 0, \"analyzed\": false, \"aggregatable\": true, \"name\": \"rpc.cred.machinename\", \"searchable\": true, \"indexed\": true, \"doc_values\": true, \"type\": \"string\", \"scripted\": false}, {\"count\": 0, \"analyzed\": false, \"aggregatable\": true, \"name\": \"mysql.iserror\", \"searchable\": true, \"indexed\": true, \"doc_values\": true, \"scripted\": false}, {\"count\": 0, \"analyzed\": false, \"aggregatable\": true, \"name\": \"mysql.affected_rows\", \"searchable\": true, \"indexed\": true, \"doc_values\": true, \"type\": \"number\", \"scripted\": false}, {\"count\": 0, \"analyzed\": false, \"aggregatable\": true, \"name\": \"mysql.insert_id\", \"searchable\": true, \"indexed\": true, \"doc_values\": true, \"type\": \"string\", \"scripted\": false}, {\"count\": 0, \"analyzed\": false, \"aggregatable\": true, \"name\": \"mysql.num_fields\", \"searchable\": true, \"indexed\": true, \"doc_values\": true, \"type\": \"string\", \"scripted\": false}, {\"count\": 0, \"analyzed\": false, \"aggregatable\": true, \"name\": \"mysql.num_rows\", \"searchable\": true, \"indexed\": true, \"doc_values\": true, \"type\": \"string\", \"scripted\": false}, {\"count\": 0, \"analyzed\": false, \"aggregatable\": true, \"name\": \"mysql.query\", \"searchable\": true, \"indexed\": true, \"doc_values\": true, \"type\": \"string\", \"scripted\": false}, {\"count\": 0, \"analyzed\": false, \"aggregatable\": true, \"name\": \"mysql.error_code\", \"searchable\": true, \"indexed\": true, \"doc_values\": true, \"type\": \"number\", \"scripted\": false}, {\"count\": 0, \"analyzed\": false, \"aggregatable\": true, \"name\": \"mysql.error_message\", \"searchable\": true, \"indexed\": true, \"doc_values\": true, \"type\": \"string\", \"scripted\": false}, {\"count\": 0, \"analyzed\": false, \"aggregatable\": true, \"name\": \"nfs.version\", \"searchable\": true, \"indexed\": true, \"doc_values\": true, \"type\": \"number\", \"scripted\": false}, {\"count\": 0, \"analyzed\": false, \"aggregatable\": true, \"name\": \"nfs.minor_version\", \"searchable\": true, \"indexed\": true, \"doc_values\": true, \"type\": \"number\", \"scripted\": false}, {\"count\": 0, \"analyzed\": false, \"aggregatable\": true, \"name\": \"nfs.tag\", \"searchable\": true, \"indexed\": true, \"doc_values\": true, \"type\": \"string\", \"scripted\": false}, {\"count\": 0, \"analyzed\": false, \"aggregatable\": true, \"name\": \"nfs.opcode\", \"searchable\": true, \"indexed\": true, \"doc_values\": true, \"type\": \"string\", \"scripted\": false}, {\"count\": 0, \"analyzed\": false, \"aggregatable\": true, \"name\": \"nfs.status\", \"searchable\": true, \"indexed\": true, \"doc_values\": true, \"type\": \"string\", \"scripted\": false}, {\"count\": 0, \"analyzed\": false, \"aggregatable\": true, \"name\": \"pgsql.query\", \"searchable\": true, \"indexed\": true, \"doc_values\": true, \"type\": \"string\", \"scripted\": false}, {\"count\": 0, \"analyzed\": false, \"aggregatable\": true, \"name\": \"pgsql.iserror\", \"searchable\": true, \"indexed\": true, \"doc_values\": true, \"scripted\": false}, {\"count\": 0, \"analyzed\": false, \"aggregatable\": true, \"name\": \"pgsql.error_code\", \"searchable\": true, \"indexed\": true, \"doc_values\": true, \"type\": \"number\", \"scripted\": false}, {\"count\": 0, \"analyzed\": false, \"aggregatable\": true, \"name\": \"pgsql.error_message\", \"searchable\": true, \"indexed\": true, \"doc_values\": true, \"type\": \"string\", \"scripted\": false}, {\"count\": 0, \"analyzed\": false, \"aggregatable\": true, \"name\": \"pgsql.error_severity\", \"searchable\": true, \"indexed\": true, \"doc_values\": true, \"type\": \"string\", \"scripted\": false}, {\"count\": 0, \"analyzed\": false, \"aggregatable\": true, \"name\": \"pgsql.num_fields\", \"searchable\": true, \"indexed\": true, \"doc_values\": true, \"type\": \"string\", \"scripted\": false}, {\"count\": 0, \"analyzed\": false, \"aggregatable\": true, \"name\": \"pgsql.num_rows\", \"searchable\": true, \"indexed\": true, \"doc_values\": true, \"type\": \"string\", \"scripted\": false}, {\"count\": 0, \"analyzed\": false, \"aggregatable\": true, \"name\": \"redis.return_value\", \"searchable\": true, \"indexed\": true, \"doc_values\": true, \"type\": \"string\", \"scripted\": false}, {\"count\": 0, \"analyzed\": false, \"aggregatable\": true, \"name\": \"redis.error\", \"searchable\": true, \"indexed\": true, \"doc_values\": true, \"type\": \"string\", \"scripted\": false}, {\"count\": 0, \"analyzed\": false, \"aggregatable\": true, \"name\": \"thrift.params\", \"searchable\": true, \"indexed\": true, \"doc_values\": true, \"type\": \"string\", \"scripted\": false}, {\"count\": 0, \"analyzed\": false, \"aggregatable\": true, \"name\": \"thrift.service\", \"searchable\": true, \"indexed\": true, \"doc_values\": true, \"type\": \"string\", \"scripted\": false}, {\"count\": 0, \"analyzed\": false, \"aggregatable\": true, \"name\": \"thrift.return_value\", \"searchable\": true, \"indexed\": true, \"doc_values\": true, \"type\": \"string\", \"scripted\": false}, {\"count\": 0, \"analyzed\": false, \"aggregatable\": true, \"name\": \"thrift.exceptions\", \"searchable\": true, \"indexed\": true, \"doc_values\": true, \"type\": \"string\", \"scripted\": false}, {\"count\": 0, \"analyzed\": false, \"aggregatable\": false, \"name\": \"_id\", \"searchable\": false, \"indexed\": false, \"doc_values\": false, \"type\": \"string\", \"scripted\": false}, {\"count\": 0, \"analyzed\": false, \"aggregatable\": true, \"name\": \"_type\", \"searchable\": true, \"indexed\": false, \"doc_values\": false, \"type\": \"string\", \"scripted\": false}, {\"count\": 0, \"analyzed\": false, \"aggregatable\": false, \"name\": \"_index\", \"searchable\": false, \"indexed\": false, \"doc_values\": false, \"type\": \"string\", \"scripted\": false}, {\"count\": 0, \"analyzed\": false, \"aggregatable\": false, \"name\": \"_score\", \"searchable\": false, \"indexed\": false, \"doc_values\": false, \"type\": \"number\", \"scripted\": false}]", 
        "fieldFormatMap": "{\"client_ip\": {\"id\": \"dotted notation.\"}, \"memcache.request.bytes\": {\"id\": \"bytes\"}, \"start_time\": {\"id\": \"YYYY-MM-DDTHH:MM:SS.milliZ\"}, \"real_ip\": {\"id\": \"Dotted notation.\"}, \"ip\": {\"id\": \"dotted notation.\"}, \"@timestamp\": {\"id\": \"date\"}, \"bytes_out\": {\"id\": \"bytes\"}, \"last_time\": {\"id\": \"YYYY-MM-DDTHH:MM:SS.milliZ\"}, \"client_port\": {\"id\": \"dotted notation.\"}, \"memcache.response.bytes\": {\"id\": \"bytes\"}, \"bytes_in\": {\"id\": \"bytes\"}, \"port\": {\"id\": \"dotted notation.\"}}", 
        "timeFieldName": "@timestamp", 
        "title": "packetbeat-*"
      }, 
      "version": 1, 
      "type": "index-pattern", 
      "id": "packetbeat-*"
    }
  ]
}