{
  "version": "5.6.8", 
  "objects": [
    {
      "attributes": {
        "fields": "[{\"count\": 0, \"analyzed\": false, \"aggregatable\": true, \"name\": \"beat.name\", \"searchable\": true, \"indexed\": true, \"doc_values\": true, \"type\": \"string\", \"scripted\": false}, {\"count\": 0, \"analyzed\": false, \"aggregatable\": true, \"name\": \"beat.hostname\", \"searchable\": true, \"indexed\": true, \"doc_values\": true, \"type\": \"string\", \"scripted\": false}, {\"count\": 0, \"analyzed\": false, \"aggregatable\": true, \"name\": \"beat.version\", \"searchable\": true, \"indexed\": true, \"doc_values\": true, \"type\": \"string\", \"scripted\": false}, {\"count\": 0, \"analyzed\": false, \"aggregatable\": true, \"name\": \"@timestamp\", \"searchable\": true, \"indexed\": true, \"doc_values\": true, \"type\": \"date\", \"scripted\": false}, {\"count\": 0, \"analyzed\": false, \"aggregatable\": true, \"name\": \"tags\", \"searchable\": true, \"indexed\": true, \"doc_values\": true, \"type\": \"string\", \"scripted\": false}, {\"count\": 0, \"analyzed\": false, \"aggregatable\": true, \"name\": \"fields\", \"searchable\": true, \"indexed\": true, \"doc_values\": true, \"scripted\": false}, {\"count\": 0, \"analyzed\": false, \"aggregatable\": true, \"name\": \"meta.cloud.provider\", \"searchable\": true, \"indexed\": true, \"doc_values\": true, \"type\": \"string\", \"scripted\": false}, {\"count\": 0, \"analyzed\": false, \"aggregatable\": true, \"name\": \"meta.cloud.instance_id\", \"searchable\": true, \"indexed\": true, \"doc_values\": true, \"type\": \"string\", \"scripted\": false}, {\"count\": 0, \"analyzed\": false, \"aggregatable\": true, \"name\": \"meta.cloud.machine_type\", \"searchable\": true, \"indexed\": true, \"doc_values\": true, \"type\": \"string\", \"scripted\": false}, {\"count\": 0, \"analyzed\": false, \"aggregatable\": true, \"name\": \"meta.cloud.availability_zone\", \"searchable\": true, \"indexed\": true, \"doc_values\": true, \"type\": \"string\", \"scripted\": false}, {\"count\": 0, \"analyzed\": false, \"aggregatable\": true, \"name\": \"meta.cloud.project_id\", \"searchable\": true, \"indexed\": true, \"doc_values\": true, \"type\": \"string\", \"scripted\": false}, {\"count\": 0, \"analyzed\": false, \"aggregatable\": true, \"name\": \"meta.cloud.region\", \"searchable\": true, \"indexed\": true, \"doc_values\": true, \"type\": \"string\", \"scripted\": false}, {\"count\": 0, \"analyzed\": false, \"aggregatable\": true, \"name\": \"source\", \"searchable\": true, \"indexed\": true, \"doc_values\": true, \"type\": \"string\", \"scripted\": false}, {\"count\": 0, \"analyzed\": false, \"aggregatable\": true, \"name\": \"offset\", \"searchable\": true, \"indexed\": true, \"doc_values\": true, \"type\": \"number\", \"scripted\": false}, {\"count\": 0, \"analyzed\": false, \"aggregatable\": false, \"name\": \"message\", \"searchable\": true, \"indexed\": true, \"doc_values\": true, \"type\": \"string\", \"scripted\": false}, {\"count\": 0, \"analyzed\": false, \"aggregatable\": true, \"name\": \"type\", \"searchable\": true, \"indexed\": true, \"doc_values\": true, \"type\": \"string\", \"scripted\": false}, {\"count\": 0, \"analyzed\": false, \"aggregatable\": true, \"name\": \"input_type\", \"searchable\": true, \"indexed\": true, \"doc_values\": true, \"type\": \"string\", \"scripted\": false}, {\"count\": 0, \"analyzed\": false, \"aggregatable\": true, \"name\": \"error\", \"searchable\": true, \"indexed\": true, \"doc_values\": true, \"type\": \"string\", \"scripted\": false}, {\"count\": 0, \"analyzed\": false, \"aggregatable\": true, \"name\": \"read_timestamp\", \"searchable\": true, \"indexed\": true, \"doc_values\": true, \"type\": \"string\", \"scripted\": false}, {\"count\": 0, \"analyzed\": false, \"aggregatable\": true, \"name\": \"fileset.module\", \"searchable\": true, \"indexed\": true, \"doc_values\": true, \"type\": \"string\", \"scripted\": false}, {\"count\": 0, \"analyzed\": false, \"aggregatable\": true, \"name\": \"fileset.name\", \"searchable\": true, \"indexed\": true, \"doc_values\": true, \"type\": \"string\", \"scripted\": false}, {\"count\": 0, \"analyzed\": false, \"aggregatable\": true, \"name\": \"apache2.access.remote_ip\", \"searchable\": true, \"indexed\": true, \"doc_values\": true, \"type\": \"string\", \"scripted\": false}, {\"count\": 0, \"analyzed\": false, \"aggregatable\": true, \"name\": \"apache2.access.user_name\", \"searchable\": true, \"indexed\": true, \"doc_values\": true, \"type\": \"string\", \"scripted\": false}, {\"count\": 0, \"analyzed\": false, \"aggregatable\": true, \"name\": \"apache2.access.method\", \"searchable\": true, \"indexed\": true, \"doc_values\": true, \"type\": \"string\", \"scripted\": false}, {\"count\": 0, \"analyzed\": false, \"aggregatable\": true, \"name\": \"apache2.access.url\", \"searchable\": true, \"indexed\": true, \"doc_values\": true, \"type\": \"string\", \"scripted\": false}, {\"count\": 0, \"analyzed\": false, \"aggregatable\": true, \"name\": \"apache2.access.http_version\", \"searchable\": true, \"indexed\": true, \"doc_values\": true, \"type\": \"string\", \"scripted\": false}, {\"count\": 0, \"analyzed\": false, \"aggregatable\": true, \"name\": \"apache2.access.response_code\", \"searchable\": true, \"indexed\": true, \"doc_values\": true, \"type\": \"number\", \"scripted\": false}, {\"count\": 0, \"analyzed\": false, \"aggregatable\": true, \"name\": \"apache2.access.body_sent.bytes\", \"searchable\": true, \"indexed\": true, \"doc_values\": true, \"type\": \"number\", \"scripted\": false}, {\"count\": 0, \"analyzed\": false, \"aggregatable\": true, \"name\": \"apache2.access.referrer\", \"searchable\": true, \"indexed\": true, \"doc_values\": true, \"type\": \"string\", \"scripted\": false}, {\"count\": 0, \"analyzed\": false, \"aggregatable\": false, \"name\": \"apache2.access.agent\", \"searchable\": true, \"indexed\": true, \"doc_values\": true, \"type\": \"string\", \"scripted\": false}, {\"count\": 0, \"analyzed\": false, \"aggregatable\": true, \"name\": \"apache2.access.user_agent.device\", \"searchable\": true, \"indexed\": true, \"doc_values\": true, \"type\": \"string\", \"scripted\": false}, {\"count\": 0, \"analyzed\": false, \"aggregatable\": true, \"name\": \"apache2.access.user_agent.major\", \"searchable\": true, \"indexed\": true, \"doc_values\": true, \"type\": \"number\", \"scripted\": false}, {\"count\": 0, \"analyzed\": false, \"aggregatable\": true, \"name\": \"apache2.access.user_agent.minor\", \"searchable\": true, \"indexed\": true, \"doc_values\": true, \"type\": \"number\", \"scripted\": false}, {\"count\": 0, \"analyzed\": false, \"aggregatable\": true, \"name\": \"apache2.access.user_agent.patch\", \"searchable\": true, \"indexed\": true, \"doc_values\": true, \"type\": \"string\", \"scripted\": false}, {\"count\": 0, \"analyzed\": false, \"aggregatable\": true, \"name\": \"apache2.access.user_agent.name\", \"searchable\": true, \"indexed\": true, \"doc_values\": true, \"type\": \"string\", \"scripted\": false}, {\"count\": 0, \"analyzed\": false, \"aggregatable\": true, \"name\": \"apache2.access.user_agent.os\", \"searchable\": true, \"indexed\": true, \"doc_values\": true, \"type\": \"string\", \"scripted\": false}, {\"count\": 0, \"analyzed\": false, \"aggregatable\": true, \"name\": \"apache2.access.user_agent.os_major\", \"searchable\": true, \"indexed\": true, \"doc_values\": true, \"type\": \"number\", \"scripted\": false}, {\"count\": 0, \"analyzed\": false, \"aggregatable\": true, \"name\": \"apache2.access.user_agent.os_minor\", \"searchable\": true, \"indexed\": true, \"doc_values\": true, \"type\": \"number\", \"scripted\": false}, {\"count\": 0, \"analyzed\": false, \"aggregatable\": true, \"name\": \"apache2.access.user_agent.os_name\", \"searchable\": true, \"indexed\": true, \"doc_values\": true, \"type\": \"string\", \"scripted\": false}, {\"count\": 0, \"analyzed\": false, \"aggregatable\": true, \"name\": \"apache2.access.geoip.continent_name\", \"searchable\": true, \"indexed\": true, \"doc_values\": true, \"type\": \"string\", \"scripted\": false}, {\"count\": 0, \"analyzed\": false, \"aggregatable\": true, \"name\": \"apache2.access.geoip.country_iso_code\", \"searchable\": true, \"indexed\": true, \"doc_values\": true, \"type\": \"string\", \"scripted\": false}, {\"count\": 0, \"analyzed\": false, \"aggregatable\": true, \"name\": \"apache2.access.geoip.location\", \"searchable\": true, \"indexed\": true, \"doc_values\": true, \"type\": \"geo_point\", \"scripted\": false}, {\"count\": 0, \"analyzed\": false, \"aggregatable\": true, \"name\": \"apache2.access.geoip.region_name\", \"searchable\": true, \"indexed\": true, \"doc_values\": true, \"type\": \"string\", \"scripted\": false}, {\"count\": 0, \"analyzed\": false, \"aggregatable\": true, \"name\": \"apache2.access.geoip.city_name\", \"searchable\": true, \"indexed\": true, \"doc_values\": true, \"type\": \"string\", \"scripted\": false}, {\"count\": 0, \"analyzed\": false, \"aggregatable\": true, \"name\": \"apache2.error.level\", \"searchable\": true, \"indexed\": true, \"doc_values\": true, \"type\": \"string\", \"scripted\": false}, {\"count\": 0, \"analyzed\": false, \"aggregatable\": true, \"name\": \"apache2.error.client\", \"searchable\": true, \"indexed\": true, \"doc_values\": true, \"type\": \"string\", \"scripted\": false}, {\"count\": 0, \"analyzed\": false, \"aggregatable\": false, \"name\": \"apache2.error.message\", \"searchable\": true, \"indexed\": true, \"doc_values\": true, \"type\": \"string\", \"scripted\": false}, {\"count\": 0, \"analyzed\": false, \"aggregatable\": true, \"name\": \"apache2.error.pid\", \"searchable\": true, \"indexed\": true, \"doc_values\": true, \"type\": \"number\", \"scripted\": false}, {\"count\": 0, \"analyzed\": false, \"aggregatable\": true, \"name\": \"apache2.error.tid\", \"searchable\": true, \"indexed\": true, \"doc_values\": true, \"type\": \"number\", \"scripted\": false}, {\"count\": 0, \"analyzed\": false, \"aggregatable\": true, \"name\": \"apache2.error.module\", \"searchable\": true, \"indexed\": true, \"doc_values\": true, \"type\": \"string\", \"scripted\": false}, {\"count\": 0, \"analyzed\": false, \"aggregatable\": true, \"name\": \"auditd.log.record_type\", \"searchable\": true, \"indexed\": true, \"doc_values\": true, \"type\": \"string\", \"scripted\": false}, {\"count\": 0, \"analyzed\": false, \"aggregatable\": true, \"name\": \"auditd.log.old_auid\", \"searchable\": true, \"indexed\": true, \"doc_values\": true, \"type\": \"string\", \"scripted\": false}, {\"count\": 0, \"analyzed\": false, \"aggregatable\": true, \"name\": \"auditd.log.new_auid\", \"searchable\": true, \"indexed\": true, \"doc_values\": true, \"type\": \"string\", \"scripted\": false}, {\"count\": 0, \"analyzed\": false, \"aggregatable\": true, \"name\": \"auditd.log.old_ses\", \"searchable\": true, \"indexed\": true, \"doc_values\": true, \"type\": \"string\", \"scripted\": false}, {\"count\": 0, \"analyzed\": false, \"aggregatable\": true, \"name\": \"auditd.log.new_ses\", \"searchable\": true, \"indexed\": true, \"doc_values\": true, \"type\": \"string\", \"scripted\": false}, {\"count\": 0, \"analyzed\": false, \"aggregatable\": true, \"name\": \"auditd.log.sequence\", \"searchable\": true, \"indexed\": true, \"doc_values\": true, \"type\": \"number\", \"scripted\": false}, {\"count\": 0, \"analyzed\": false, \"aggregatable\": true, \"name\": \"auditd.log.acct\", \"searchable\": true, \"indexed\": true, \"doc_values\": true, \"type\": \"string\", \"scripted\": false}, {\"count\": 0, \"analyzed\": false, \"aggregatable\": true, \"name\": \"auditd.log.pid\", \"searchable\": true, \"indexed\": true, \"doc_values\": true, \"type\": \"string\", \"scripted\": false}, {\"count\": 0, \"analyzed\": false, \"aggregatable\": true, \"name\": \"auditd.log.ppid\", \"searchable\": true, \"indexed\": true, \"doc_values\": true, \"type\": \"string\", \"scripted\": false}, {\"count\": 0, \"analyzed\": false, \"aggregatable\": true, \"name\": \"auditd.log.items\", \"searchable\": true, \"indexed\": true, \"doc_values\": true, \"type\": \"string\", \"scripted\": false}, {\"count\": 0, \"analyzed\": false, \"aggregatable\": true, \"name\": \"auditd.log.item\", \"searchable\": true, \"indexed\": true, \"doc_values\": true, \"type\": \"string\", \"scripted\": false}, {\"count\": 0, \"analyzed\": false, \"aggregatable\": true, \"name\": \"auditd.log.a0\", \"searchable\": true, \"indexed\": true, \"doc_values\": true, \"type\": \"string\", \"scripted\": false}, {\"count\": 0, \"analyzed\": false, \"aggregatable\": true, \"name\": \"auditd.log.res\", \"searchable\": true, \"indexed\": true, \"doc_values\": true, \"type\": \"string\", \"scripted\": false}, {\"count\": 0, \"analyzed\": false, \"aggregatable\": true, \"name\": \"auditd.log.geoip.continent_name\", \"searchable\": true, \"indexed\": true, \"doc_values\": true, \"type\": \"string\", \"scripted\": false}, {\"count\": 0, \"analyzed\": false, \"aggregatable\": true, \"name\": \"auditd.log.geoip.city_name\", \"searchable\": true, \"indexed\": true, \"doc_values\": true, \"type\": \"string\", \"scripted\": false}, {\"count\": 0, \"analyzed\": false, \"aggregatable\": true, \"name\": \"auditd.log.geoip.region_name\", \"searchable\": true, \"indexed\": true, \"doc_values\": true, \"type\": \"string\", \"scripted\": false}, {\"count\": 0, \"analyzed\": false, \"aggregatable\": true, \"name\": \"auditd.log.geoip.country_iso_code\", \"searchable\": true, \"indexed\": true, \"doc_values\": true, \"type\": \"string\", \"scripted\": false}, {\"count\": 0, \"analyzed\": false, \"aggregatable\": true, \"name\": \"auditd.log.geoip.location\", \"searchable\": true, \"indexed\": true, \"doc_values\": true, \"type\": \"geo_point\", \"scripted\": false}, {\"count\": 0, \"analyzed\": false, \"aggregatable\": true, \"name\": \"mysql.error.timestamp\", \"searchable\": true, \"indexed\": true, \"doc_values\": true, \"type\": \"string\", \"scripted\": false}, {\"count\": 0, \"analyzed\": false, \"aggregatable\": true, \"name\": \"mysql.error.thread_id\", \"searchable\": true, \"indexed\": true, \"doc_values\": true, \"type\": \"number\", \"scripted\": false}, {\"count\": 0, \"analyzed\": false, \"aggregatable\": true, \"name\": \"mysql.error.level\", \"searchable\": true, \"indexed\": true, \"doc_values\": true, \"type\": \"string\", \"scripted\": false}, {\"count\": 0, \"analyzed\": false, \"aggregatable\": false, \"name\": \"mysql.error.message\", \"searchable\": true, \"indexed\": true, \"doc_values\": true, \"type\": \"string\", \"scripted\": false}, {\"count\": 0, \"analyzed\": false, \"aggregatable\": true, \"name\": \"mysql.slowlog.user\", \"searchable\": true, \"indexed\": true, \"doc_values\": true, \"type\": \"string\", \"scripted\": false}, {\"count\": 0, \"analyzed\": false, \"aggregatable\": true, \"name\": \"mysql.slowlog.host\", \"searchable\": true, \"indexed\": true, \"doc_values\": true, \"type\": \"string\", \"scripted\": false}, {\"count\": 0, \"analyzed\": false, \"aggregatable\": true, \"name\": \"mysql.slowlog.ip\", \"searchable\": true, \"indexed\": true, \"doc_values\": true, \"type\": \"string\", \"scripted\": false}, {\"count\": 0, \"analyzed\": false, \"aggregatable\": true, \"name\": \"mysql.slowlog.query_time.sec\", \"searchable\": true, \"indexed\": true, \"doc_values\": true, \"type\": \"number\", \"scripted\": false}, {\"count\": 0, \"analyzed\": false, \"aggregatable\": true, \"name\": \"mysql.slowlog.lock_time.sec\", \"searchable\": true, \"indexed\": true, \"doc_values\": true, \"type\": \"number\", \"scripted\": false}, {\"count\": 0, \"analyzed\": false, \"aggregatable\": true, \"name\": \"mysql.slowlog.rows_sent\", \"searchable\": true, \"indexed\": true, \"doc_values\": true, \"type\": \"number\", \"scripted\": false}, {\"count\": 0, \"analyzed\": false, \"aggregatable\": true, \"name\": \"mysql.slowlog.rows_examined\", \"searchable\": true, \"indexed\": true, \"doc_values\": true, \"type\": \"number\", \"scripted\": false}, {\"count\": 0, \"analyzed\": false, \"aggregatable\": true, \"name\": \"mysql.slowlog.timestamp\", \"searchable\": true, \"indexed\": true, \"doc_values\": true, \"type\": \"number\", \"scripted\": false}, {\"count\": 0, \"analyzed\": false, \"aggregatable\": true, \"name\": \"mysql.slowlog.query\", \"searchable\": true, \"indexed\": true, \"doc_values\": true, \"type\": \"string\", \"scripted\": false}, {\"count\": 0, \"analyzed\": false, \"aggregatable\": true, \"name\": \"mysql.slowlog.id\", \"searchable\": true, \"indexed\": true, \"doc_values\": true, \"type\": \"number\", \"scripted\": false}, {\"count\": 0, \"analyzed\": false, \"aggregatable\": true, \"name\": \"nginx.access.remote_ip_list\", \"searchable\": true, \"indexed\": true, \"doc_values\": true, \"scripted\": false}, {\"count\": 0, \"analyzed\": false, \"aggregatable\": true, \"name\": \"nginx.access.remote_ip\", \"searchable\": true, \"indexed\": true, \"doc_values\": true, \"type\": \"string\", \"scripted\": false}, {\"count\": 0, \"analyzed\": false, \"aggregatable\": true, \"name\": \"nginx.access.user_name\", \"searchable\": true, \"indexed\": true, \"doc_values\": true, \"type\": \"string\", \"scripted\": false}, {\"count\": 0, \"analyzed\": false, \"aggregatable\": true, \"name\": \"nginx.access.method\", \"searchable\": true, \"indexed\": true, \"doc_values\": true, \"type\": \"string\", \"scripted\": false}, {\"count\": 0, \"analyzed\": false, \"aggregatable\": true, \"name\": \"nginx.access.url\", \"searchable\": true, \"indexed\": true, \"doc_values\": true, \"type\": \"string\", \"scripted\": false}, {\"count\": 0, \"analyzed\": false, \"aggregatable\": true, \"name\": \"nginx.access.http_version\", \"searchable\": true, \"indexed\": true, \"doc_values\": true, \"type\": \"string\", \"scripted\": false}, {\"count\": 0, \"analyzed\": false, \"aggregatable\": true, \"name\": \"nginx.access.response_code\", \"searchable\": true, \"indexed\": true, \"doc_values\": true, \"type\": \"number\", \"scripted\": false}, {\"count\": 0, \"analyzed\": false, \"aggregatable\": true, \"name\": \"nginx.access.body_sent.bytes\", \"searchable\": true, \"indexed\": true, \"doc_values\": true, \"type\": \"number\", \"scripted\": false}, {\"count\": 0, \"analyzed\": false, \"aggregatable\": true, \"name\": \"nginx.access.referrer\", \"searchable\": true, \"indexed\": true, \"doc_values\": true, \"type\": \"string\", \"scripted\": false}, {\"count\": 0, \"analyzed\": false, \"aggregatable\": false, \"name\": \"nginx.access.agent\", \"searchable\": true, \"indexed\": true, \"doc_values\": true, \"type\": \"string\", \"scripted\": false}, {\"count\": 0, \"analyzed\": false, \"aggregatable\": true, \"name\": \"nginx.access.user_agent.device\", \"searchable\": true, \"indexed\": true, \"doc_values\": true, \"type\": \"string\", \"scripted\": false}, {\"count\": 0, \"analyzed\": false, \"aggregatable\": true, \"name\": \"nginx.access.user_agent.major\", \"searchable\": true, \"indexed\": true, \"doc_values\": true, \"type\": \"number\", \"scripted\": false}, {\"count\": 0, \"analyzed\": false, \"aggregatable\": true, \"name\": \"nginx.access.user_agent.minor\", \"searchable\": true, \"indexed\": true, \"doc_values\": true, \"type\": \"number\", \"scripted\": false}, {\"count\": 0, \"analyzed\": false, \"aggregatable\": true, \"name\": \"nginx.access.user_agent.patch\", \"searchable\": true, \"indexed\": true, \"doc_values\": true, \"type\": \"string\", \"scripted\": false}, {\"count\": 0, \"analyzed\": false, \"aggregatable\": true, \"name\": \"nginx.access.user_agent.name\", \"searchable\": true, \"indexed\": true, \"doc_values\": true, \"type\": \"string\", \"scripted\": false}, {\"count\": 0, \"analyzed\": false, \"aggregatable\": true, \"name\": \"nginx.access.user_agent.os\", \"searchable\": true, \"indexed\": true, \"doc_values\": true, \"type\": \"string\", \"scripted\": false}, {\"count\": 0, \"analyzed\": false, \"aggregatable\": true, \"name\": \"nginx.access.user_agent.os_major\", \"searchable\": true, \"indexed\": true, \"doc_values\": true, \"type\": \"number\", \"scripted\": false}, {\"count\": 0, \"analyzed\": false, \"aggregatable\": true, \"name\": \"nginx.access.user_agent.os_minor\", \"searchable\": true, \"indexed\": true, \"doc_values\": true, \"type\": \"number\", \"scripted\": false}, {\"count\": 0, \"analyzed\": false, \"aggregatable\": true, \"name\": \"nginx.access.user_agent.os_name\", \"searchable\": true, \"indexed\": true, \"doc_values\": true, \"type\": \"string\", \"scripted\": false}, {\"count\": 0, \"analyzed\": false, \"aggregatable\": true, \"name\": \"nginx.access.geoip.continent_name\", \"searchable\": true, \"indexed\": true, \"doc_values\": true, \"type\": \"string\", \"scripted\": false}, {\"count\": 0, \"analyzed\": false, \"aggregatable\": true, \"name\": \"nginx.access.geoip.country_iso_code\", \"searchable\": true, \"indexed\": true, \"doc_values\": true, \"type\": \"string\", \"scripted\": false}, {\"count\": 0, \"analyzed\": false, \"aggregatable\": true, \"name\": \"nginx.access.geoip.location\", \"searchable\": true, \"indexed\": true, \"doc_values\": true, \"type\": \"geo_point\", \"scripted\": false}, {\"count\": 0, \"analyzed\": false, \"aggregatable\": true, \"name\": \"nginx.access.geoip.region_name\", \"searchable\": true, \"indexed\": true, \"doc_values\": true, \"type\": \"string\", \"scripted\": false}, {\"count\": 0, \"analyzed\": false, \"aggregatable\": true, \"name\": \"nginx.access.geoip.city_name\", \"searchable\": true, \"indexed\": true, \"doc_values\": true, \"type\": \"string\", \"scripted\": false}, {\"count\": 0, \"analyzed\": false, \"aggregatable\": true, \"name\": \"nginx.error.level\", \"searchable\": true, \"indexed\": true, \"doc_values\": true, \"type\": \"string\", \"scripted\": false}, {\"count\": 0, \"analyzed\": false, \"aggregatable\": true, \"name\": \"nginx.error.pid\", \"searchable\": true, \"indexed\": true, \"doc_values\": true, \"type\": \"number\", \"scripted\": false}, {\"count\": 0, \"analyzed\": false, \"aggregatable\": true, \"name\": \"nginx.error.tid\", \"searchable\": true, \"indexed\": true, \"doc_values\": true, \"type\": \"number\", \"scripted\": false}, {\"count\": 0, \"analyzed\": false, \"aggregatable\": true, \"name\": \"nginx.error.connection_id\", \"searchable\": true, \"indexed\": true, \"doc_values\": true, \"type\": \"number\", \"scripted\": false}, {\"count\": 0, \"analyzed\": false, \"aggregatable\": false, \"name\": \"nginx.error.message\", \"searchable\": true, \"indexed\": true, \"doc_values\": true, \"type\": \"string\", \"scripted\": false}, {\"count\": 0, \"analyzed\": false, \"aggregatable\": true, \"name\": \"system.auth.timestamp\", \"searchable\": true, \"indexed\": true, \"doc_values\": true, \"type\": \"string\", \"scripted\": false}, {\"count\": 0, \"analyzed\": false, \"aggregatable\": true, \"name\": \"system.auth.hostname\", \"searchable\": true, \"indexed\": true, \"doc_values\": true, \"type\": \"string\", \"scripted\": false}, {\"count\": 0, \"analyzed\": false, \"aggregatable\": true, \"name\": \"system.auth.program\", \"searchable\": true, \"indexed\": true, \"doc_values\": true, \"type\": \"string\", \"scripted\": false}, {\"count\": 0, \"analyzed\": false, \"aggregatable\": true, \"name\": \"system.auth.pid\", \"searchable\": true, \"indexed\": true, \"doc_values\": true, \"type\": \"number\", \"scripted\": false}, {\"count\": 0, \"analyzed\": false, \"aggregatable\": true, \"name\": \"system.auth.message\", \"searchable\": true, \"indexed\": true, \"doc_values\": true, \"type\": \"string\", \"scripted\": false}, {\"count\": 0, \"analyzed\": false, \"aggregatable\": true, \"name\": \"system.auth.user\", \"searchable\": true, \"indexed\": true, \"doc_values\": true, \"type\": \"string\", \"scripted\": false}, {\"count\": 0, \"analyzed\": false, \"aggregatable\": true, \"name\": \"system.auth.ssh.event\", \"searchable\": true, \"indexed\": true, \"doc_values\": true, \"type\": \"string\", \"scripted\": false}, {\"count\": 0, \"analyzed\": false, \"aggregatable\": true, \"name\": \"system.auth.ssh.method\", \"searchable\": true, \"indexed\": true, \"doc_values\": true, \"type\": \"string\", \"scripted\": false}, {\"count\": 0, \"analyzed\": false, \"aggregatable\": true, \"name\": \"system.auth.ssh.ip\", \"searchable\": true, \"indexed\": true, \"doc_values\": true, \"scripted\": false}, {\"count\": 0, \"analyzed\": false, \"aggregatable\": true, \"name\": \"system.auth.ssh.dropped_ip\", \"searchable\": true, \"indexed\": true, \"doc_values\": true, \"scripted\": false}, {\"count\": 0, \"analyzed\": false, \"aggregatable\": true, \"name\": \"system.auth.ssh.port\", \"searchable\": true, \"indexed\": true, \"doc_values\": true, \"type\": \"number\", \"scripted\": false}, {\"count\": 0, \"analyzed\": false, \"aggregatable\": true, \"name\": \"system.auth.ssh.signature\", \"searchable\": true, \"indexed\": true, \"doc_values\": true, \"type\": \"string\", \"scripted\": false}, {\"count\": 0, \"analyzed\": false, \"aggregatable\": true, \"name\": \"system.auth.ssh.geoip.continent_name\", \"searchable\": true, \"indexed\": true, \"doc_values\": true, \"type\": \"string\", \"scripted\": false}, {\"count\": 0, \"analyzed\": false, \"aggregatable\": true, \"name\": \"system.auth.ssh.geoip.city_name\", \"searchable\": true, \"indexed\": true, \"doc_values\": true, \"type\": \"string\", \"scripted\": false}, {\"count\": 0, \"analyzed\": false, \"aggregatable\": true, \"name\": \"system.auth.ssh.geoip.region_name\", \"searchable\": true, \"indexed\": true, \"doc_values\": true, \"type\": \"string\", \"scripted\": false}, {\"count\": 0, \"analyzed\": false, \"aggregatable\": true, \"name\": \"system.auth.ssh.geoip.country_iso_code\", \"searchable\": true, \"indexed\": true, \"doc_values\": true, \"type\": \"string\", \"scripted\": false}, {\"count\": 0, \"analyzed\": false, \"aggregatable\": true, \"name\": \"system.auth.ssh.geoip.location\", \"searchable\": true, \"indexed\": true, \"doc_values\": true, \"type\": \"geo_point\", \"scripted\": false}, {\"count\": 0, \"analyzed\": false, \"aggregatable\": true, \"name\": \"system.auth.sudo.error\", \"searchable\": true, \"indexed\": true, \"doc_values\": true, \"type\": \"string\", \"scripted\": false}, {\"count\": 0, \"analyzed\": false, \"aggregatable\": true, \"name\": \"system.auth.sudo.tty\", \"searchable\": true, \"indexed\": true, \"doc_values\": true, \"type\": \"string\", \"scripted\": false}, {\"count\": 0, \"analyzed\": false, \"aggregatable\": true, \"name\": \"system.auth.sudo.pwd\", \"searchable\": true, \"indexed\": true, \"doc_values\": true, \"type\": \"string\", \"scripted\": false}, {\"count\": 0, \"analyzed\": false, \"aggregatable\": true, \"name\": \"system.auth.sudo.user\", \"searchable\": true, \"indexed\": true, \"doc_values\": true, \"type\": \"string\", \"scripted\": false}, {\"count\": 0, \"analyzed\": false, \"aggregatable\": true, \"name\": \"system.auth.sudo.command\", \"searchable\": true, \"indexed\": true, \"doc_values\": true, \"type\": \"string\", \"scripted\": false}, {\"count\": 0, \"analyzed\": false, \"aggregatable\": true, \"name\": \"system.auth.useradd.name\", \"searchable\": true, \"indexed\": true, \"doc_values\": true, \"type\": \"string\", \"scripted\": false}, {\"count\": 0, \"analyzed\": false, \"aggregatable\": true, \"name\": \"system.auth.useradd.uid\", \"searchable\": true, \"indexed\": true, \"doc_values\": true, \"type\": \"number\", \"scripted\": false}, {\"count\": 0, \"analyzed\": false, \"aggregatable\": true, \"name\": \"system.auth.useradd.gid\", \"searchable\": true, \"indexed\": true, \"doc_values\": true, \"type\": \"number\", \"scripted\": false}, {\"count\": 0, \"analyzed\": false, \"aggregatable\": true, \"name\": \"system.auth.useradd.home\", \"searchable\": true, \"indexed\": true, \"doc_values\": true, \"type\": \"string\", \"scripted\": false}, {\"count\": 0, \"analyzed\": false, \"aggregatable\": true, \"name\": \"system.auth.useradd.shell\", \"searchable\": true, \"indexed\": true, \"doc_values\": true, \"type\": \"string\", \"scripted\": false}, {\"count\": 0, \"analyzed\": false, \"aggregatable\": true, \"name\": \"system.auth.groupadd.name\", \"searchable\": true, \"indexed\": true, \"doc_values\": true, \"type\": \"string\", \"scripted\": false}, {\"count\": 0, \"analyzed\": false, \"aggregatable\": true, \"name\": \"system.auth.groupadd.gid\", \"searchable\": true, \"indexed\": true, \"doc_values\": true, \"type\": \"number\", \"scripted\": false}, {\"count\": 0, \"analyzed\": false, \"aggregatable\": true, \"name\": \"system.syslog.timestamp\", \"searchable\": true, \"indexed\": true, \"doc_values\": true, \"type\": \"string\", \"scripted\": false}, {\"count\": 0, \"analyzed\": false, \"aggregatable\": true, \"name\": \"system.syslog.hostname\", \"searchable\": true, \"indexed\": true, \"doc_values\": true, \"type\": \"string\", \"scripted\": false}, {\"count\": 0, \"analyzed\": false, \"aggregatable\": true, \"name\": \"system.syslog.program\", \"searchable\": true, \"indexed\": true, \"doc_values\": true, \"type\": \"string\", \"scripted\": false}, {\"count\": 0, \"analyzed\": false, \"aggregatable\": true, \"name\": \"system.syslog.pid\", \"searchable\": true, \"indexed\": true, \"doc_values\": true, \"type\": \"string\", \"scripted\": false}, {\"count\": 0, \"analyzed\": false, \"aggregatable\": true, \"name\": \"system.syslog.message\", \"searchable\": true, \"indexed\": true, \"doc_values\": true, \"type\": \"string\", \"scripted\": false}, {\"count\": 0, \"analyzed\": false, \"aggregatable\": false, \"name\": \"_id\", \"searchable\": false, \"indexed\": false, \"doc_values\": false, \"type\": \"string\", \"scripted\": false}, {\"count\": 0, \"analyzed\": false, \"aggregatable\": true, \"name\": \"_type\", \"searchable\": true, \"indexed\": false, \"doc_values\": false, \"type\": \"string\", \"scripted\": false}, {\"count\": 0, \"analyzed\": false, \"aggregatable\": false, \"name\": \"_index\", \"searchable\": false, \"indexed\": false, \"doc_values\": false, \"type\": \"string\", \"scripted\": false}, {\"count\": 0, \"analyzed\": false, \"aggregatable\": false, \"name\": \"_score\", \"searchable\": false, \"indexed\": false, \"doc_values\": false, \"type\": \"number\", \"scripted\": false}]", 
        "fieldFormatMap": "{\"@timestamp\": {\"id\": \"date\"}, \"nginx.access.body_sent.bytes\": {\"id\": \"bytes\"}, \"apache2.access.body_sent.bytes\": {\"id\": \"bytes\"}}", 
        "timeFieldName": "@timestamp", 
        "title": "filebeat-*"
      }, 
      "version": 1, 
      "type": "index-pattern", 
      "id": "filebeat-*"
    }
  ]
}