{
  "objects": [
    {
      "attributes": {
        "description": "",
        "kibanaSavedObjectMeta": {
          "searchSourceJSON": "{\"query\":{\"query_string\":{\"analyze_wildcard\":true,\"query\":\"*\"}},\"filter\":[]}"
        },
        "title": "Navigation",
        "uiStateJSON": "{}",
        "version": 1,
        "visState": "{\"title\":\"Navigation\",\"type\":\"markdown\",\"params\":{\"markdown\":\"### Packetbeat:\\n\\n[Overview](#/dashboard/Packetbeat-Dashboard)\\n\\n[Flows](#/dashboard/Packetbeat-Flows)\\n\\n[Web transactions](#/dashboard/Packetbeat-HTTP)\\n\\n[MySQL performance](#/dashboard/Packetbeat-MySQL-performance)\\n\\n[PostgreSQL performance](#/dashboard/Packetbeat-PgSQL-performance)\\n\\n[MongoDB performance](#/dashboard/Packetbeat-MongoDB-performance)\\n\\n[Thrift-RPC performance](#/dashboard/Packetbeat-Thrift-performance)\\n\\n[NFS transactions](#/dashboard/Packetbeat-NFS)\\n\\n[Cassandra performance](#/dashboard/Packetbeat-Cassandra)\"},\"aggs\":[],\"listeners\":{}}"
      },
      "id": "Navigation",
      "type": "visualization",
      "version": 18
    },
    {
      "attributes": {
        "description": "",
        "kibanaSavedObjectMeta": {
          "searchSourceJSON": "{\"filter\":[]}"
        },
        "savedSearchId": "MongoDB-errors",
        "title": "MongoDB errors",
        "uiStateJSON": "{}",
        "version": 1,
        "visState": "{\"title\":\"MongoDB errors\",\"type\":\"line\",\"params\":{\"addLegend\":true,\"addTimeMarker\":false,\"addTooltip\":true,\"defaultYExtents\":false,\"drawLinesBetweenPoints\":true,\"interpolate\":\"linear\",\"radiusRatio\":9,\"scale\":\"linear\",\"setYExtents\":false,\"shareYAxis\":true,\"showCircles\":true,\"smoothLines\":false,\"spyPerPage\":10,\"times\":[],\"yAxis\":{}},\"aggs\":[{\"id\":\"1\",\"type\":\"count\",\"schema\":\"metric\",\"params\":{}},{\"id\":\"2\",\"type\":\"date_histogram\",\"schema\":\"segment\",\"params\":{\"field\":\"@timestamp\",\"interval\":\"auto\",\"customInterval\":\"2h\",\"min_doc_count\":1,\"extended_bounds\":{}}},{\"id\":\"3\",\"type\":\"terms\",\"schema\":\"split\",\"params\":{\"field\":\"resource\",\"size\":3,\"order\":\"desc\",\"orderBy\":\"1\",\"row\":true}},{\"id\":\"4\",\"type\":\"terms\",\"schema\":\"group\",\"params\":{\"field\":\"method\",\"size\":5,\"order\":\"desc\",\"orderBy\":\"1\"}}],\"listeners\":{}}"
      },
      "id": "MongoDB-errors",
      "type": "visualization",
      "version": 2
    },
    {
      "attributes": {
        "description": "",
        "kibanaSavedObjectMeta": {
          "searchSourceJSON": "{\"filter\":[]}"
        },
        "savedSearchId": "MongoDB-transactions",
        "title": "MongoDB commands",
        "uiStateJSON": "{}",
        "version": 1,
        "visState": "{\"title\":\"MongoDB commands\",\"type\":\"area\",\"params\":{\"shareYAxis\":true,\"addTooltip\":true,\"addLegend\":true,\"smoothLines\":true,\"scale\":\"linear\",\"interpolate\":\"linear\",\"mode\":\"silhouette\",\"times\":[],\"addTimeMarker\":false,\"defaultYExtents\":false,\"setYExtents\":false,\"yAxis\":{}},\"aggs\":[{\"id\":\"1\",\"type\":\"count\",\"schema\":\"metric\",\"params\":{}},{\"id\":\"2\",\"type\":\"date_histogram\",\"schema\":\"segment\",\"params\":{\"field\":\"@timestamp\",\"interval\":\"auto\",\"customInterval\":\"2h\",\"min_doc_count\":1,\"extended_bounds\":{}}},{\"id\":\"3\",\"type\":\"terms\",\"schema\":\"group\",\"params\":{\"field\":\"method\",\"size\":5,\"order\":\"desc\",\"orderBy\":\"1\"}}],\"listeners\":{}}"
      },
      "id": "MongoDB-commands",
      "type": "visualization",
      "version": 2
    },
    {
      "attributes": {
        "description": "",
        "kibanaSavedObjectMeta": {
          "searchSourceJSON": "{\"filter\":[]}"
        },
        "savedSearchId": "MongoDB-errors",
        "title": "MongoDB errors per collection",
        "uiStateJSON": "{}",
        "version": 1,
        "visState": "{\"title\":\"MongoDB errors per collection\",\"type\":\"line\",\"params\":{\"addLegend\":true,\"addTimeMarker\":false,\"addTooltip\":true,\"defaultYExtents\":false,\"drawLinesBetweenPoints\":true,\"interpolate\":\"linear\",\"radiusRatio\":9,\"scale\":\"linear\",\"setYExtents\":false,\"shareYAxis\":true,\"showCircles\":true,\"smoothLines\":false,\"spyPerPage\":10,\"times\":[],\"yAxis\":{}},\"aggs\":[{\"id\":\"1\",\"type\":\"count\",\"schema\":\"metric\",\"params\":{}},{\"id\":\"2\",\"type\":\"date_histogram\",\"schema\":\"segment\",\"params\":{\"field\":\"@timestamp\",\"interval\":\"auto\",\"customInterval\":\"2h\",\"min_doc_count\":1,\"extended_bounds\":{}}},{\"id\":\"3\",\"type\":\"terms\",\"schema\":\"group\",\"params\":{\"field\":\"resource\",\"size\":5,\"order\":\"desc\",\"orderBy\":\"1\"}}],\"listeners\":{}}"
      },
      "id": "MongoDB-errors-per-collection",
      "type": "visualization",
      "version": 2
    },
    {
      "attributes": {
        "description": "",
        "kibanaSavedObjectMeta": {
          "searchSourceJSON": "{\"filter\":[]}"
        },
        "savedSearchId": "MongoDB-transactions",
        "title": "MongoDB in/out throughput",
        "version": 1,
        "visState": "{\"type\":\"line\",\"params\":{\"shareYAxis\":true,\"addTooltip\":true,\"addLegend\":true,\"showCircles\":true,\"smoothLines\":false,\"interpolate\":\"linear\",\"scale\":\"linear\",\"drawLinesBetweenPoints\":true,\"radiusRatio\":9,\"times\":[],\"addTimeMarker\":false,\"defaultYExtents\":false,\"setYExtents\":false,\"yAxis\":{}},\"aggs\":[{\"id\":\"1\",\"type\":\"sum\",\"schema\":\"metric\",\"params\":{\"field\":\"bytes_in\"}},{\"id\":\"2\",\"type\":\"date_histogram\",\"schema\":\"segment\",\"params\":{\"field\":\"@timestamp\",\"interval\":\"auto\",\"customInterval\":\"2h\",\"min_doc_count\":1,\"extended_bounds\":{}}},{\"id\":\"4\",\"type\":\"sum\",\"schema\":\"metric\",\"params\":{\"field\":\"bytes_out\"}}],\"listeners\":{}}"
      },
      "id": "MongoDB-in-slash-out-throughput",
      "type": "visualization",
      "version": 2
    },
    {
      "attributes": {
        "description": "",
        "kibanaSavedObjectMeta": {
          "searchSourceJSON": "{\"filter\":[]}"
        },
        "savedSearchId": "MongoDB-transactions",
        "title": "MongoDB response times by collection",
        "uiStateJSON": "{}",
        "version": 1,
        "visState": "{\"title\":\"MongoDB response times by collection\",\"type\":\"line\",\"params\":{\"shareYAxis\":true,\"addTooltip\":true,\"addLegend\":true,\"showCircles\":true,\"smoothLines\":false,\"interpolate\":\"linear\",\"scale\":\"linear\",\"drawLinesBetweenPoints\":false,\"radiusRatio\":\"9\",\"times\":[],\"addTimeMarker\":false,\"defaultYExtents\":false,\"setYExtents\":false,\"yAxis\":{}},\"aggs\":[{\"id\":\"1\",\"type\":\"percentiles\",\"schema\":\"metric\",\"params\":{\"field\":\"responsetime\",\"percents\":[99]}},{\"id\":\"2\",\"type\":\"date_histogram\",\"schema\":\"segment\",\"params\":{\"field\":\"@timestamp\",\"interval\":\"auto\",\"customInterval\":\"2h\",\"min_doc_count\":1,\"extended_bounds\":{}}},{\"id\":\"3\",\"type\":\"terms\",\"schema\":\"group\",\"params\":{\"field\":\"resource\",\"size\":5,\"order\":\"desc\",\"orderBy\":\"1.99\"}},{\"id\":\"4\",\"type\":\"count\",\"schema\":\"radius\",\"params\":{}}],\"listeners\":{}}"
      },
      "id": "MongoDB-response-times-by-collection",
      "type": "visualization",
      "version": 2
    },
    {
      "attributes": {
        "description": "",
        "kibanaSavedObjectMeta": {
          "searchSourceJSON": "{\"filter\":[]}"
        },
        "savedSearchId": "MongoDB-transactions",
        "title": "Top slowest MongoDB queries",
        "version": 1,
        "visState": "{\"type\":\"table\",\"params\":{\"perPage\":10,\"showPartialRows\":false,\"showMeticsAtAllLevels\":false},\"aggs\":[{\"id\":\"1\",\"type\":\"percentiles\",\"schema\":\"metric\",\"params\":{\"field\":\"responsetime\",\"percents\":[99]}},{\"id\":\"2\",\"type\":\"terms\",\"schema\":\"bucket\",\"params\":{\"field\":\"query\",\"size\":10,\"order\":\"desc\",\"orderBy\":\"1.99\"}}],\"listeners\":{}}"
      },
      "id": "Top-slowest-MongoDB-queries",
      "type": "visualization",
      "version": 2
    },
    {
      "attributes": {
        "description": "",
        "kibanaSavedObjectMeta": {
          "searchSourceJSON": "{\"filter\":[]}"
        },
        "savedSearchId": "MongoDB-transactions-with-write-concern-0",
        "title": "Number of MongoDB transactions with writeConcern w=0",
        "uiStateJSON": "{}",
        "version": 1,
        "visState": "{\"title\":\"Number of MongoDB transactions with writeConcern w=0\",\"type\":\"line\",\"params\":{\"shareYAxis\":true,\"addTooltip\":true,\"addLegend\":true,\"showCircles\":true,\"smoothLines\":false,\"interpolate\":\"linear\",\"scale\":\"linear\",\"drawLinesBetweenPoints\":true,\"radiusRatio\":9,\"times\":[],\"addTimeMarker\":false,\"defaultYExtents\":false,\"setYExtents\":false,\"yAxis\":{}},\"aggs\":[{\"id\":\"1\",\"type\":\"count\",\"schema\":\"metric\",\"params\":{}},{\"id\":\"2\",\"type\":\"date_histogram\",\"schema\":\"segment\",\"params\":{\"field\":\"@timestamp\",\"interval\":\"auto\",\"customInterval\":\"2h\",\"min_doc_count\":1,\"extended_bounds\":{}}},{\"id\":\"3\",\"type\":\"count\",\"schema\":\"radius\",\"params\":{}}],\"listeners\":{}}"
      },
      "id": "Number-of-MongoDB-transactions-with-writeConcern-w-equal-0",
      "type": "visualization",
      "version": 2
    },
    {
      "attributes": {
        "columns": [
          "method",
          "type",
          "path",
          "responsetime",
          "status",
          "query"
        ],
        "description": "",
        "hits": 0,
        "kibanaSavedObjectMeta": {
          "searchSourceJSON": "{\"index\":\"packetbeat-*\",\"highlight\":{\"pre_tags\":[\"@kibana-highlighted-field@\"],\"post_tags\":[\"@/kibana-highlighted-field@\"],\"fields\":{\"*\":{}},\"fragment_size\":2147483647},\"filter\":[{\"meta\":{\"disabled\":false,\"index\":\"packetbeat-*\",\"key\":\"type\",\"negate\":false,\"value\":\"mongodb\"},\"query\":{\"match\":{\"type\":{\"query\":\"mongodb\",\"type\":\"phrase\"}}}}],\"query\":{\"query_string\":{\"query\":\"*\",\"analyze_wildcard\":true}}}"
        },
        "sort": [
          "@timestamp",
          "desc"
        ],
        "title": "MongoDB transactions",
        "version": 1
      },
      "id": "MongoDB-transactions",
      "type": "search",
      "version": 8
    },
    {
      "attributes": {
        "columns": [
          "method",
          "type",
          "path",
          "responsetime",
          "status",
          "query"
        ],
        "description": "",
        "hits": 0,
        "kibanaSavedObjectMeta": {
          "searchSourceJSON": "{\"index\":\"packetbeat-*\",\"highlight\":{\"pre_tags\":[\"@kibana-highlighted-field@\"],\"post_tags\":[\"@/kibana-highlighted-field@\"],\"fields\":{\"*\":{}},\"fragment_size\":2147483647},\"filter\":[{\"meta\":{\"disabled\":false,\"index\":\"packetbeat-*\",\"key\":\"type\",\"negate\":false,\"value\":\"mongodb\"},\"query\":{\"match\":{\"type\":{\"query\":\"mongodb\",\"type\":\"phrase\"}}}}],\"query\":{\"query_string\":{\"analyze_wildcard\":true,\"query\":\"request: \\\"writeConcern w 0\\\"\"}}}"
        },
        "sort": [
          "@timestamp",
          "desc"
        ],
        "title": "MongoDB transactions with write concern 0",
        "version": 1
      },
      "id": "MongoDB-transactions-with-write-concern-0",
      "type": "search",
      "version": 2
    },
    {
      "attributes": {
        "description": "",
        "hits": 0,
        "kibanaSavedObjectMeta": {
          "searchSourceJSON": "{\"filter\":[{\"query\":{\"query_string\":{\"analyze_wildcard\":true,\"query\":\"*\"}}}]}"
        },
        "optionsJSON": "{\"darkTheme\":false}",
        "panelsJSON": "[{\"col\":1,\"id\":\"Navigation\",\"row\":1,\"size_x\":3,\"size_y\":4,\"type\":\"visualization\",\"panelIndex\":1},{\"col\":4,\"id\":\"MongoDB-errors\",\"row\":1,\"size_x\":5,\"size_y\":4,\"type\":\"visualization\",\"panelIndex\":2},{\"col\":9,\"id\":\"MongoDB-commands\",\"row\":1,\"size_x\":4,\"size_y\":4,\"type\":\"visualization\",\"panelIndex\":3},{\"col\":1,\"id\":\"MongoDB-errors-per-collection\",\"row\":5,\"size_x\":4,\"size_y\":3,\"type\":\"visualization\",\"panelIndex\":4},{\"col\":5,\"id\":\"MongoDB-in-slash-out-throughput\",\"row\":5,\"size_x\":4,\"size_y\":3,\"type\":\"visualization\",\"panelIndex\":5},{\"col\":1,\"id\":\"MongoDB-response-times-by-collection\",\"row\":8,\"size_x\":8,\"size_y\":5,\"type\":\"visualization\",\"panelIndex\":6},{\"col\":9,\"id\":\"Top-slowest-MongoDB-queries\",\"row\":8,\"size_x\":4,\"size_y\":5,\"type\":\"visualization\",\"panelIndex\":7},{\"id\":\"Number-of-MongoDB-transactions-with-writeConcern-w-equal-0\",\"type\":\"visualization\",\"size_x\":4,\"size_y\":3,\"col\":9,\"row\":5,\"panelIndex\":8}]",
        "timeRestore": false,
        "title": "Packetbeat MongoDB performance",
        "uiStateJSON": "{}",
        "version": 1
      },
      "id": "Packetbeat-MongoDB-performance",
      "type": "dashboard",
      "version": 2
    }
  ],
  "version": "6.0.0-alpha3-SNAPSHOT"
}