{
  "objects": [
    {
      "attributes": {
        "description": "",
        "kibanaSavedObjectMeta": {
          "searchSourceJSON": "{\"filter\":[]}"
        },
        "savedSearchId": "DNS",
        "title": "Unique FQDNs per eTLD+1",
        "uiStateJSON": "{\"vis\":{\"colors\":{\"Unique count of dns.question.name\":\"#E0752D\",\"Count\":\"#1F78C1\"}}}",
        "version": 1,
        "visState": "{\"title\":\"Unique FQDNs per eTLD+1\",\"type\":\"histogram\",\"params\":{\"shareYAxis\":true,\"addTooltip\":true,\"addLegend\":true,\"scale\":\"linear\",\"mode\":\"grouped\",\"times\":[],\"addTimeMarker\":false,\"defaultYExtents\":true,\"setYExtents\":false,\"yAxis\":{},\"legendPosition\":\"right\"},\"aggs\":[{\"id\":\"1\",\"enabled\":true,\"type\":\"cardinality\",\"schema\":\"metric\",\"params\":{\"field\":\"dns.question.name\",\"customLabel\":\"Unique Subdomain Count\"}},{\"id\":\"2\",\"enabled\":true,\"type\":\"terms\",\"schema\":\"segment\",\"params\":{\"field\":\"dns.question.etld_plus_one\",\"size\":20,\"order\":\"desc\",\"orderBy\":\"1\",\"customLabel\":\"Domains\"}}],\"listeners\":{}}"
      },
      "id": "Unique-FQDNs-per-eTLD 1",
      "type": "visualization",
      "version": 2
    },
    {
      "attributes": {
        "description": "",
        "kibanaSavedObjectMeta": {
          "searchSourceJSON": "{\"filter\":[]}"
        },
        "savedSearchId": "DNS",
        "title": "Unique FQDNs per eTLD+1 Table",
        "uiStateJSON": "{\"vis\":{\"params\":{\"sort\":{\"columnIndex\":null,\"direction\":null}}}}",
        "version": 1,
        "visState": "{\"title\":\"Unique FQDNs per eTLD+1 Table\",\"type\":\"table\",\"params\":{\"perPage\":10,\"showPartialRows\":false,\"showMeticsAtAllLevels\":false,\"sort\":{\"columnIndex\":null,\"direction\":null},\"showTotal\":false,\"totalFunc\":\"sum\"},\"aggs\":[{\"id\":\"1\",\"enabled\":true,\"type\":\"count\",\"schema\":\"metric\",\"params\":{\"customLabel\":\"\"}},{\"id\":\"2\",\"enabled\":true,\"type\":\"terms\",\"schema\":\"bucket\",\"params\":{\"field\":\"dns.question.etld_plus_one\",\"size\":20,\"order\":\"desc\",\"orderBy\":\"1\",\"customLabel\":\"ETLD+1\"}},{\"id\":\"3\",\"enabled\":true,\"type\":\"cardinality\",\"schema\":\"metric\",\"params\":{\"field\":\"dns.question.name\",\"customLabel\":\"Unique Domains\"}}],\"listeners\":{}}"
      },
      "id": "Unique-FQDNs-per-eTLD 1-Table",
      "type": "visualization",
      "version": 2
    },
    {
      "attributes": {
        "description": "",
        "kibanaSavedObjectMeta": {
          "searchSourceJSON": "{\"filter\":[]}"
        },
        "savedSearchId": "DNS",
        "title": "Bytes Transferred per Domain",
        "uiStateJSON": "{\"vis\":{\"colors\":{\"Unique count of dns.question.name\":\"#E0752D\",\"Count\":\"#1F78C1\",\"Bytes Out\":\"#629E51\",\"Bytes In\":\"#F2C96D\"}}}",
        "version": 1,
        "visState": "{\"title\":\"Bytes Transferred per Domain\",\"type\":\"histogram\",\"params\":{\"shareYAxis\":true,\"addTooltip\":true,\"addLegend\":true,\"scale\":\"linear\",\"mode\":\"grouped\",\"times\":[],\"addTimeMarker\":false,\"defaultYExtents\":true,\"setYExtents\":false,\"yAxis\":{},\"legendPosition\":\"right\"},\"aggs\":[{\"id\":\"1\",\"enabled\":true,\"type\":\"sum\",\"schema\":\"metric\",\"params\":{\"field\":\"bytes_out\",\"customLabel\":\"Bytes Out\"}},{\"id\":\"2\",\"enabled\":true,\"type\":\"terms\",\"schema\":\"segment\",\"params\":{\"field\":\"dns.question.etld_plus_one\",\"size\":20,\"order\":\"desc\",\"orderBy\":\"1\",\"customLabel\":\"Domains\"}},{\"id\":\"3\",\"enabled\":true,\"type\":\"sum\",\"schema\":\"metric\",\"params\":{\"field\":\"bytes_in\",\"customLabel\":\"Bytes In\"}}],\"listeners\":{}}"
      },
      "id": "Bytes-Transferred-per-Domain",
      "type": "visualization",
      "version": 2
    },
    {
      "attributes": {
        "description": "",
        "kibanaSavedObjectMeta": {
          "searchSourceJSON": "{\"index\":\"packetbeat-*\",\"query\":{\"query_string\":{\"query\":\"type:dns\",\"analyze_wildcard\":true}},\"filter\":[]}"
        },
        "title": "Top Domains by Data Volume",
        "uiStateJSON": "{\"vis\":{\"params\":{\"sort\":{\"columnIndex\":null,\"direction\":null}}}}",
        "version": 1,
        "visState": "{\"title\":\"Top Domains by Data Volume\",\"type\":\"table\",\"params\":{\"perPage\":10,\"showPartialRows\":false,\"showMeticsAtAllLevels\":false,\"sort\":{\"columnIndex\":null,\"direction\":null},\"showTotal\":false,\"totalFunc\":\"sum\"},\"aggs\":[{\"id\":\"1\",\"enabled\":true,\"type\":\"sum\",\"schema\":\"metric\",\"params\":{\"field\":\"bytes_in\",\"customLabel\":\"Bytes In\"}},{\"id\":\"2\",\"enabled\":true,\"type\":\"terms\",\"schema\":\"bucket\",\"params\":{\"field\":\"dns.question.etld_plus_one\",\"size\":20,\"order\":\"desc\",\"orderBy\":\"3\",\"customLabel\":\"ETLD+1\"}},{\"id\":\"3\",\"enabled\":true,\"type\":\"sum\",\"schema\":\"metric\",\"params\":{\"field\":\"bytes_out\",\"customLabel\":\"Bytes Out\"}}],\"listeners\":{}}"
      },
      "id": "dc743240-1665-11e7-a6de-cbac1a3d0a7d",
      "type": "visualization",
      "version": 2
    },
    {
      "attributes": {
        "columns": [
          "_source"
        ],
        "description": "",
        "hits": 0,
        "kibanaSavedObjectMeta": {
          "searchSourceJSON": "{\"index\":\"packetbeat-*\",\"query\":{\"query_string\":{\"query\":\"type: dns\",\"analyze_wildcard\":true}},\"filter\":[],\"highlight\":{\"pre_tags\":[\"@kibana-highlighted-field@\"],\"post_tags\":[\"@/kibana-highlighted-field@\"],\"fields\":{\"*\":{}},\"require_field_match\":false,\"fragment_size\":2147483647}}"
        },
        "sort": [
          "@timestamp",
          "desc"
        ],
        "title": "DNS",
        "version": 1
      },
      "id": "DNS",
      "type": "search",
      "version": 10
    },
    {
      "attributes": {
        "description": "",
        "hits": 0,
        "kibanaSavedObjectMeta": {
          "searchSourceJSON": "{\"filter\":[{\"query\":{\"query_string\":{\"query\":\"NOT dns.question.type:PTR\",\"analyze_wildcard\":true}}}]}"
        },
        "optionsJSON": "{\"darkTheme\":false}",
        "panelsJSON": "[{\"col\":1,\"id\":\"Unique-FQDNs-per-eTLD 1\",\"panelIndex\":1,\"row\":1,\"size_x\":12,\"size_y\":4,\"type\":\"visualization\"},{\"col\":1,\"id\":\"Unique-FQDNs-per-eTLD 1-Table\",\"panelIndex\":2,\"row\":8,\"size_x\":6,\"size_y\":4,\"type\":\"visualization\"},{\"col\":1,\"id\":\"Bytes-Transferred-per-Domain\",\"panelIndex\":4,\"row\":5,\"size_x\":12,\"size_y\":3,\"type\":\"visualization\"},{\"col\":7,\"id\":\"dc743240-1665-11e7-a6de-cbac1a3d0a7d\",\"panelIndex\":5,\"row\":8,\"size_x\":6,\"size_y\":4,\"type\":\"visualization\"}]",
        "timeRestore": false,
        "title": "DNS Tunneling",
        "uiStateJSON": "{\"P-1\":{\"spy\":{\"mode\":{\"fill\":false,\"name\":null}},\"vis\":{\"legendOpen\":false,\"colors\":{\"Unique count of dns.question.name\":\"#E0752D\",\"Count\":\"#1F78C1\",\"Unique Subdomain Count\":\"#EF843C\"}}},\"P-2\":{\"vis\":{\"params\":{\"sort\":{\"columnIndex\":null,\"direction\":null}}}},\"P-4\":{\"vis\":{\"legendOpen\":false}},\"P-5\":{\"vis\":{\"params\":{\"sort\":{\"columnIndex\":null,\"direction\":null}}}}}",
        "version": 1
      },
      "id": "DNS-Unique-Domains",
      "type": "dashboard",
      "version": 2
    }
  ],
  "version": "6.0.0-alpha3-SNAPSHOT"
}