{
  "objects": [
    {
      "attributes": {
        "description": "",
        "kibanaSavedObjectMeta": {
          "searchSourceJSON": "{\"filter\":[]}"
        },
        "savedSearchId": "Web-transactions",
        "title": "Web transactions",
        "uiStateJSON": "{}",
        "version": 1,
        "visState": "{\"title\":\"Web transactions\",\"type\":\"histogram\",\"params\":{\"shareYAxis\":true,\"addTooltip\":true,\"addLegend\":false,\"mode\":\"stacked\",\"defaultYExtents\":false,\"scale\":\"linear\",\"times\":[],\"addTimeMarker\":false,\"setYExtents\":false,\"yAxis\":{}},\"aggs\":[{\"id\":\"1\",\"type\":\"count\",\"schema\":\"metric\",\"params\":{}},{\"id\":\"2\",\"type\":\"date_histogram\",\"schema\":\"segment\",\"params\":{\"field\":\"@timestamp\",\"interval\":\"auto\",\"customInterval\":\"2h\",\"min_doc_count\":1,\"extended_bounds\":{}}}],\"listeners\":{}}"
      },
      "id": "Web-transactions",
      "type": "visualization",
      "version": 4
    },
    {
      "attributes": {
        "description": "",
        "kibanaSavedObjectMeta": {
          "searchSourceJSON": "{\"filter\":[]}"
        },
        "savedSearchId": "DB-transactions",
        "title": "DB transactions",
        "uiStateJSON": "{}",
        "version": 1,
        "visState": "{\"title\":\"DB transactions\",\"type\":\"histogram\",\"params\":{\"shareYAxis\":true,\"addTooltip\":true,\"addLegend\":true,\"mode\":\"stacked\",\"defaultYExtents\":false,\"scale\":\"linear\",\"times\":[],\"addTimeMarker\":false,\"setYExtents\":false,\"yAxis\":{}},\"aggs\":[{\"id\":\"1\",\"type\":\"count\",\"schema\":\"metric\",\"params\":{}},{\"id\":\"2\",\"type\":\"date_histogram\",\"schema\":\"segment\",\"params\":{\"field\":\"@timestamp\",\"interval\":\"auto\",\"customInterval\":\"2h\",\"min_doc_count\":1,\"extended_bounds\":{}}},{\"id\":\"3\",\"type\":\"terms\",\"schema\":\"group\",\"params\":{\"field\":\"type\",\"size\":5,\"order\":\"desc\",\"orderBy\":\"1\"}}],\"listeners\":{}}"
      },
      "id": "DB-transactions",
      "type": "visualization",
      "version": 2
    },
    {
      "attributes": {
        "description": "",
        "kibanaSavedObjectMeta": {
          "searchSourceJSON": "{\"filter\":[]}"
        },
        "savedSearchId": "Cache-transactions",
        "title": "Cache transactions",
        "uiStateJSON": "{}",
        "version": 1,
        "visState": "{\"title\":\"Cache transactions\",\"type\":\"histogram\",\"params\":{\"shareYAxis\":true,\"addTooltip\":true,\"addLegend\":false,\"mode\":\"stacked\",\"defaultYExtents\":false,\"scale\":\"linear\",\"times\":[],\"addTimeMarker\":false,\"setYExtents\":false,\"yAxis\":{}},\"aggs\":[{\"id\":\"1\",\"type\":\"count\",\"schema\":\"metric\",\"params\":{}},{\"id\":\"2\",\"type\":\"date_histogram\",\"schema\":\"segment\",\"params\":{\"field\":\"@timestamp\",\"interval\":\"auto\",\"customInterval\":\"2h\",\"min_doc_count\":1,\"extended_bounds\":{}}}],\"listeners\":{}}"
      },
      "id": "Cache-transactions",
      "type": "visualization",
      "version": 2
    },
    {
      "attributes": {
        "description": "",
        "kibanaSavedObjectMeta": {
          "searchSourceJSON": "{\"filter\":[]}"
        },
        "savedSearchId": "RPC-transactions",
        "title": "RPC transactions",
        "uiStateJSON": "{}",
        "version": 1,
        "visState": "{\"title\":\"RPC transactions\",\"type\":\"histogram\",\"params\":{\"shareYAxis\":true,\"addTooltip\":true,\"addLegend\":false,\"mode\":\"stacked\",\"defaultYExtents\":false,\"scale\":\"linear\",\"times\":[],\"addTimeMarker\":false,\"setYExtents\":false,\"yAxis\":{}},\"aggs\":[{\"id\":\"1\",\"type\":\"cardinality\",\"schema\":\"metric\",\"params\":{\"field\":\"type\"}},{\"id\":\"2\",\"type\":\"date_histogram\",\"schema\":\"segment\",\"params\":{\"field\":\"@timestamp\",\"interval\":\"auto\",\"customInterval\":\"2h\",\"min_doc_count\":1,\"extended_bounds\":{}}}],\"listeners\":{}}"
      },
      "id": "RPC-transactions",
      "type": "visualization",
      "version": 2
    },
    {
      "attributes": {
        "description": "",
        "kibanaSavedObjectMeta": {
          "searchSourceJSON": "{\"filter\":[]}"
        },
        "savedSearchId": "Packetbeat-Search",
        "title": "Response times percentiles",
        "uiStateJSON": "{}",
        "version": 1,
        "visState": "{\"title\":\"Response times percentiles\",\"type\":\"line\",\"params\":{\"shareYAxis\":true,\"addTooltip\":true,\"addLegend\":true,\"showCircles\":true,\"smoothLines\":true,\"interpolate\":\"linear\",\"scale\":\"linear\",\"drawLinesBetweenPoints\":true,\"radiusRatio\":9,\"times\":[],\"addTimeMarker\":false,\"defaultYExtents\":false,\"setYExtents\":false,\"yAxis\":{},\"legendPosition\":\"right\"},\"aggs\":[{\"id\":\"1\",\"enabled\":true,\"type\":\"percentiles\",\"schema\":\"metric\",\"params\":{\"field\":\"responsetime\",\"percents\":[75,95,99]}},{\"id\":\"2\",\"enabled\":true,\"type\":\"date_histogram\",\"schema\":\"segment\",\"params\":{\"field\":\"@timestamp\",\"interval\":\"auto\",\"customInterval\":\"2h\",\"min_doc_count\":1,\"extended_bounds\":{}}}],\"listeners\":{}}"
      },
      "id": "Response-times-percentiles",
      "type": "visualization",
      "version": 2
    },
    {
      "attributes": {
        "description": "",
        "kibanaSavedObjectMeta": {
          "searchSourceJSON": "{\"filter\":[]}"
        },
        "savedSearchId": "Transactions-errors",
        "title": "Errors count over time",
        "uiStateJSON": "{}",
        "version": 1,
        "visState": "{\"title\":\"New Visualization\",\"type\":\"histogram\",\"params\":{\"shareYAxis\":true,\"addTooltip\":true,\"addLegend\":true,\"scale\":\"linear\",\"mode\":\"stacked\",\"times\":[],\"addTimeMarker\":false,\"defaultYExtents\":false,\"setYExtents\":false,\"yAxis\":{}},\"aggs\":[{\"id\":\"1\",\"type\":\"count\",\"schema\":\"metric\",\"params\":{}},{\"id\":\"2\",\"type\":\"date_histogram\",\"schema\":\"segment\",\"params\":{\"field\":\"@timestamp\",\"interval\":\"custom\",\"customInterval\":\"30s\",\"min_doc_count\":1,\"extended_bounds\":{}}},{\"id\":\"3\",\"type\":\"terms\",\"schema\":\"group\",\"params\":{\"field\":\"type\",\"size\":5,\"order\":\"desc\",\"orderBy\":\"1\"}}],\"listeners\":{}}"
      },
      "id": "Errors-count-over-time",
      "type": "visualization",
      "version": 2
    },
    {
      "attributes": {
        "description": "",
        "kibanaSavedObjectMeta": {
          "searchSourceJSON": "{\"filter\":[]}"
        },
        "savedSearchId": "Packetbeat-Search",
        "title": "Errors vs successful transactions",
        "uiStateJSON": "{}",
        "version": 1,
        "visState": "{\"title\":\"Errors vs successful transactions\",\"type\":\"histogram\",\"params\":{\"shareYAxis\":true,\"addTooltip\":true,\"addLegend\":true,\"scale\":\"linear\",\"mode\":\"percentage\",\"times\":[],\"addTimeMarker\":false,\"defaultYExtents\":false,\"setYExtents\":false,\"yAxis\":{}},\"aggs\":[{\"id\":\"1\",\"type\":\"count\",\"schema\":\"metric\",\"params\":{}},{\"id\":\"2\",\"type\":\"date_histogram\",\"schema\":\"segment\",\"params\":{\"field\":\"@timestamp\",\"interval\":\"auto\",\"customInterval\":\"2h\",\"min_doc_count\":1,\"extended_bounds\":{}}},{\"id\":\"3\",\"type\":\"terms\",\"schema\":\"group\",\"params\":{\"field\":\"status\",\"size\":5,\"order\":\"desc\",\"orderBy\":\"1\"}}],\"listeners\":{}}"
      },
      "id": "Errors-vs-successful-transactions",
      "type": "visualization",
      "version": 2
    },
    {
      "attributes": {
        "description": "",
        "kibanaSavedObjectMeta": {
          "searchSourceJSON": "{\"filter\":[]}"
        },
        "savedSearchId": "Packetbeat-Search",
        "title": "Latency histogram",
        "uiStateJSON": "{}",
        "version": 1,
        "visState": "{\"title\":\"Latency histogram\",\"type\":\"area\",\"params\":{\"shareYAxis\":true,\"addTooltip\":true,\"addLegend\":true,\"smoothLines\":true,\"scale\":\"linear\",\"interpolate\":\"linear\",\"mode\":\"stacked\",\"times\":[],\"addTimeMarker\":false,\"defaultYExtents\":false,\"setYExtents\":false,\"yAxis\":{},\"legendPosition\":\"right\"},\"aggs\":[{\"id\":\"1\",\"enabled\":true,\"type\":\"count\",\"schema\":\"metric\",\"params\":{}},{\"id\":\"2\",\"enabled\":true,\"type\":\"histogram\",\"schema\":\"segment\",\"params\":{\"field\":\"responsetime\",\"interval\":10,\"extended_bounds\":{}}}],\"listeners\":{}}"
      },
      "id": "Latency-histogram",
      "type": "visualization",
      "version": 2
    },
    {
      "attributes": {
        "description": "",
        "kibanaSavedObjectMeta": {
          "searchSourceJSON": "{\"index\":\"packetbeat-*\",\"query\":{\"query_string\":{\"analyze_wildcard\":true,\"query\":\"*\"}},\"filter\":[]}"
        },
        "title": "Client locations",
        "uiStateJSON": "{\"mapCenter\":[0,-0.17578125]}",
        "version": 1,
        "visState": "{\"aggs\":[{\"enabled\":true,\"id\":\"1\",\"params\":{},\"schema\":\"metric\",\"type\":\"count\"},{\"enabled\":true,\"id\":\"2\",\"params\":{\"autoPrecision\":true,\"field\":\"client_geoip.location\"},\"schema\":\"segment\",\"type\":\"geohash_grid\"}],\"listeners\":{},\"params\":{\"addTooltip\":true,\"heatBlur\":15,\"heatMaxZoom\":16,\"heatMinOpacity\":0.1,\"heatNormalizeData\":true,\"heatRadius\":25,\"isDesaturated\":true,\"mapCenter\":[15,5],\"mapType\":\"Scaled Circle Markers\",\"mapZoom\":2,\"wms\":{\"enabled\":false,\"options\":{\"attribution\":\"Maps provided by USGS\",\"format\":\"image/png\",\"layers\":\"0\",\"styles\":\"\",\"transparent\":true,\"version\":\"1.3.0\"},\"url\":\"https://basemap.nationalmap.gov/arcgis/services/USGSTopo/MapServer/WMSServer\"}},\"title\":\"Client locations\",\"type\":\"tile_map\"}"
      },
      "id": "Client-locations",
      "type": "visualization",
      "version": 2
    },
    {
      "attributes": {
        "description": "",
        "kibanaSavedObjectMeta": {
          "searchSourceJSON": "{\"filter\":[]}"
        },
        "savedSearchId": "Packetbeat-Search",
        "title": "Response times repartition",
        "uiStateJSON": "{}",
        "version": 1,
        "visState": "{\"title\":\"Response times repartition\",\"type\":\"histogram\",\"params\":{\"shareYAxis\":true,\"addTooltip\":true,\"addLegend\":true,\"scale\":\"linear\",\"mode\":\"stacked\",\"times\":[],\"addTimeMarker\":false,\"defaultYExtents\":false,\"setYExtents\":false,\"yAxis\":{}},\"aggs\":[{\"id\":\"1\",\"type\":\"count\",\"schema\":\"metric\",\"params\":{}},{\"id\":\"2\",\"type\":\"date_histogram\",\"schema\":\"segment\",\"params\":{\"field\":\"@timestamp\",\"interval\":\"auto\",\"customInterval\":\"2h\",\"min_doc_count\":1,\"extended_bounds\":{}}},{\"id\":\"3\",\"type\":\"histogram\",\"schema\":\"group\",\"params\":{\"field\":\"responsetime\",\"interval\":10,\"extended_bounds\":{}}}],\"listeners\":{}}"
      },
      "id": "Response-times-repartition",
      "type": "visualization",
      "version": 2
    },
    {
      "attributes": {
        "description": "",
        "kibanaSavedObjectMeta": {
          "searchSourceJSON": "{\"query\":{\"query_string\":{\"analyze_wildcard\":true,\"query\":\"*\"}},\"filter\":[]}"
        },
        "title": "Navigation",
        "uiStateJSON": "{}",
        "version": 1,
        "visState": "{\"title\":\"Navigation\",\"type\":\"markdown\",\"params\":{\"markdown\":\"### Packetbeat:\\n\\n[Overview](#/dashboard/Packetbeat-Dashboard)\\n\\n[Flows](#/dashboard/Packetbeat-Flows)\\n\\n[Web transactions](#/dashboard/Packetbeat-HTTP)\\n\\n[MySQL performance](#/dashboard/Packetbeat-MySQL-performance)\\n\\n[PostgreSQL performance](#/dashboard/Packetbeat-PgSQL-performance)\\n\\n[MongoDB performance](#/dashboard/Packetbeat-MongoDB-performance)\\n\\n[Thrift-RPC performance](#/dashboard/Packetbeat-Thrift-performance)\\n\\n[NFS transactions](#/dashboard/Packetbeat-NFS)\\n\\n[Cassandra performance](#/dashboard/Packetbeat-Cassandra)\"},\"aggs\":[],\"listeners\":{}}"
      },
      "id": "Navigation",
      "type": "visualization",
      "version": 18
    },
    {
      "attributes": {
        "columns": [
          "client_ip",
          "client_port",
          "ip",
          "port",
          "type",
          "query",
          "method",
          "responsetime",
          "status"
        ],
        "description": "",
        "hits": 0,
        "kibanaSavedObjectMeta": {
          "searchSourceJSON": "{\"index\":\"packetbeat-*\",\"filter\":[],\"highlight\":{\"pre_tags\":[\"@kibana-highlighted-field@\"],\"post_tags\":[\"@/kibana-highlighted-field@\"],\"fields\":{\"*\":{}},\"require_field_match\":false,\"fragment_size\":2147483647},\"query\":{\"query_string\":{\"query\":\"NOT type: flow\",\"analyze_wildcard\":true}}}"
        },
        "sort": [
          "@timestamp",
          "desc"
        ],
        "title": "Packetbeat Search",
        "version": 1
      },
      "id": "Packetbeat-Search",
      "type": "search",
      "version": 8
    },
    {
      "attributes": {
        "columns": [
          "client_ip",
          "client_port",
          "ip",
          "port",
          "type",
          "query",
          "method",
          "responsetime",
          "status"
        ],
        "description": "",
        "hits": 0,
        "kibanaSavedObjectMeta": {
          "searchSourceJSON": "{\"index\":\"packetbeat-*\",\"filter\":[],\"highlight\":{\"pre_tags\":[\"@kibana-highlighted-field@\"],\"post_tags\":[\"@/kibana-highlighted-field@\"],\"fields\":{\"*\":{}},\"require_field_match\":false,\"fragment_size\":2147483647},\"query\":{\"query_string\":{\"query\":\"!type: flow AND !status: OK\",\"analyze_wildcard\":true}}}"
        },
        "sort": [
          "@timestamp",
          "desc"
        ],
        "title": "Transactions errors",
        "version": 1
      },
      "id": "Transactions-errors",
      "type": "search",
      "version": 2
    },
    {
      "attributes": {
        "description": "",
        "hits": 0,
        "kibanaSavedObjectMeta": {
          "searchSourceJSON": "{\"filter\":[{\"query\":{\"query_string\":{\"analyze_wildcard\":true,\"query\":\"*\"}}}]}"
        },
        "panelsJSON": "[{\"col\":1,\"id\":\"Web-transactions\",\"row\":5,\"size_x\":3,\"size_y\":2,\"type\":\"visualization\"},{\"col\":4,\"id\":\"DB-transactions\",\"row\":5,\"size_x\":3,\"size_y\":2,\"type\":\"visualization\"},{\"col\":7,\"id\":\"Cache-transactions\",\"row\":5,\"size_x\":3,\"size_y\":2,\"type\":\"visualization\"},{\"col\":10,\"id\":\"RPC-transactions\",\"row\":5,\"size_x\":3,\"size_y\":2,\"type\":\"visualization\"},{\"col\":1,\"id\":\"Response-times-percentiles\",\"row\":10,\"size_x\":6,\"size_y\":3,\"type\":\"visualization\"},{\"col\":1,\"id\":\"Errors-count-over-time\",\"row\":13,\"size_x\":6,\"size_y\":3,\"type\":\"visualization\"},{\"col\":7,\"id\":\"Errors-vs-successful-transactions\",\"row\":10,\"size_x\":6,\"size_y\":3,\"type\":\"visualization\"},{\"col\":7,\"id\":\"Latency-histogram\",\"row\":13,\"size_x\":6,\"size_y\":3,\"type\":\"visualization\"},{\"col\":4,\"id\":\"Client-locations\",\"row\":1,\"size_x\":9,\"size_y\":4,\"type\":\"visualization\"},{\"col\":1,\"id\":\"Response-times-repartition\",\"row\":7,\"size_x\":12,\"size_y\":3,\"type\":\"visualization\"},{\"id\":\"Navigation\",\"type\":\"visualization\",\"size_x\":3,\"size_y\":4,\"col\":1,\"row\":1}]",
        "timeRestore": false,
        "title": "Packetbeat Dashboard",
        "version": 1
      },
      "id": "Packetbeat-Dashboard",
      "type": "dashboard",
      "version": 2
    }
  ],
  "version": "6.0.0-alpha3-SNAPSHOT"
}