{
  "objects": [
    {
      "attributes": {
        "description": "",
        "kibanaSavedObjectMeta": {
          "searchSourceJSON": "{\"filter\":[]}"
        },
        "savedSearchId": "Syslog-system-logs",
        "title": "Syslog events by hostname",
        "uiStateJSON": "{}",
        "version": 1,
        "visState": "{\"title\":\"Syslog events by hostname\",\"type\":\"histogram\",\"params\":{\"shareYAxis\":true,\"addTooltip\":true,\"addLegend\":true,\"legendPosition\":\"right\",\"scale\":\"linear\",\"mode\":\"stacked\",\"times\":[],\"addTimeMarker\":false,\"defaultYExtents\":false,\"setYExtents\":false,\"yAxis\":{}},\"aggs\":[{\"id\":\"1\",\"enabled\":true,\"type\":\"count\",\"schema\":\"metric\",\"params\":{}},{\"id\":\"2\",\"enabled\":true,\"type\":\"date_histogram\",\"schema\":\"segment\",\"params\":{\"field\":\"@timestamp\",\"interval\":\"auto\",\"customInterval\":\"2h\",\"min_doc_count\":1,\"extended_bounds\":{}}},{\"id\":\"3\",\"enabled\":true,\"type\":\"terms\",\"schema\":\"group\",\"params\":{\"field\":\"system.syslog.hostname\",\"size\":5,\"order\":\"desc\",\"orderBy\":\"1\"}}],\"listeners\":{}}"
      },
      "id": "Syslog-events-by-hostname",
      "type": "visualization",
      "version": 1
    },
    {
      "attributes": {
        "description": "",
        "kibanaSavedObjectMeta": {
          "searchSourceJSON": "{\"filter\":[]}"
        },
        "savedSearchId": "Syslog-system-logs",
        "title": "Syslog hostnames and processes",
        "uiStateJSON": "{}",
        "version": 1,
        "visState": "{\"title\":\"Syslog hostnames and processes\",\"type\":\"pie\",\"params\":{\"shareYAxis\":true,\"addTooltip\":true,\"addLegend\":true,\"legendPosition\":\"bottom\",\"isDonut\":true},\"aggs\":[{\"id\":\"1\",\"enabled\":true,\"type\":\"count\",\"schema\":\"metric\",\"params\":{}},{\"id\":\"2\",\"enabled\":true,\"type\":\"terms\",\"schema\":\"segment\",\"params\":{\"field\":\"system.syslog.hostname\",\"size\":5,\"order\":\"desc\",\"orderBy\":\"1\"}},{\"id\":\"3\",\"enabled\":true,\"type\":\"terms\",\"schema\":\"segment\",\"params\":{\"field\":\"system.syslog.program\",\"size\":5,\"order\":\"desc\",\"orderBy\":\"1\"}}],\"listeners\":{}}"
      },
      "id": "Syslog-hostnames-and-processes",
      "type": "visualization",
      "version": 1
    },
    {
      "attributes": {
        "columns": [
          "system.syslog.hostname",
          "system.syslog.program",
          "system.syslog.message"
        ],
        "description": "",
        "hits": 0,
        "kibanaSavedObjectMeta": {
          "searchSourceJSON": "{\"index\":\"filebeat-*\",\"filter\":[],\"highlight\":{\"pre_tags\":[\"@kibana-highlighted-field@\"],\"post_tags\":[\"@/kibana-highlighted-field@\"],\"fields\":{\"*\":{}},\"require_field_match\":false,\"fragment_size\":2147483647},\"query\":{\"query_string\":{\"query\":\"_exists_:system.syslog\",\"analyze_wildcard\":true}},\"highlightAll\":true}"
        },
        "sort": [
          "@timestamp",
          "desc"
        ],
        "title": "Syslog system logs",
        "version": 1
      },
      "id": "Syslog-system-logs",
      "type": "search",
      "version": 3
    },
    {
      "attributes": {
        "description": "",
        "hits": 0,
        "kibanaSavedObjectMeta": {
          "searchSourceJSON": "{\"filter\":[{\"query\":{\"query_string\":{\"query\":\"*\",\"analyze_wildcard\":true}}}]}"
        },
        "optionsJSON": "{\"darkTheme\":false}",
        "panelsJSON": "[{\"id\":\"Syslog-events-by-hostname\",\"type\":\"visualization\",\"panelIndex\":1,\"size_x\":8,\"size_y\":4,\"col\":1,\"row\":1},{\"id\":\"Syslog-hostnames-and-processes\",\"type\":\"visualization\",\"panelIndex\":2,\"size_x\":4,\"size_y\":4,\"col\":9,\"row\":1},{\"id\":\"Syslog-system-logs\",\"type\":\"search\",\"panelIndex\":3,\"size_x\":12,\"size_y\":7,\"col\":1,\"row\":5,\"columns\":[\"system.syslog.hostname\",\"system.syslog.program\",\"system.syslog.message\"],\"sort\":[\"@timestamp\",\"desc\"]}]",
        "timeRestore": false,
        "title": "Filebeat syslog dashboard",
        "uiStateJSON": "{}",
        "version": 1
      },
      "id": "Filebeat-syslog-dashboard",
      "type": "dashboard",
      "version": 1
    }
  ],
  "version": "6.0.0-alpha3-SNAPSHOT"
}