{
  "objects": [
    {
      "attributes": {
        "description": "",
        "kibanaSavedObjectMeta": {
          "searchSourceJSON": "{}"
        },
        "savedSearchId": "ML-Filebeat-Nginx-Access",
        "title": "ML Nginx Access Remote IP Timechart",
        "uiStateJSON": "{\"vis\":{\"legendOpen\":false}}",
        "version": 1,
        "visState": "{\"title\":\"ML Nginx Access Remote IP Timechart\",\"type\":\"area\",\"params\":{\"addLegend\":true,\"addTimeMarker\":false,\"addTooltip\":true,\"categoryAxes\":[{\"id\":\"CategoryAxis-1\",\"labels\":{\"show\":true,\"truncate\":100},\"position\":\"bottom\",\"scale\":{\"type\":\"linear\"},\"show\":true,\"style\":{},\"title\":{\"text\":\"@timestamp per 5 minutes\"},\"type\":\"category\"}],\"defaultYExtents\":false,\"drawLinesBetweenPoints\":true,\"grid\":{\"categoryLines\":false,\"style\":{\"color\":\"#eee\"}},\"interpolate\":\"linear\",\"legendPosition\":\"right\",\"radiusRatio\":9,\"scale\":\"linear\",\"seriesParams\":[{\"data\":{\"id\":\"1\",\"label\":\"Count\"},\"drawLinesBetweenPoints\":true,\"interpolate\":\"linear\",\"mode\":\"stacked\",\"show\":\"true\",\"showCircles\":true,\"type\":\"area\",\"valueAxis\":\"ValueAxis-1\"}],\"setYExtents\":false,\"showCircles\":true,\"times\":[],\"valueAxes\":[{\"id\":\"ValueAxis-1\",\"labels\":{\"filter\":false,\"rotate\":0,\"show\":true,\"truncate\":100},\"name\":\"LeftAxis-1\",\"position\":\"left\",\"scale\":{\"mode\":\"normal\",\"type\":\"linear\"},\"show\":true,\"style\":{},\"title\":{},\"type\":\"value\"}]},\"aggs\":[{\"id\":\"1\",\"enabled\":true,\"type\":\"count\",\"schema\":\"metric\",\"params\":{}},{\"id\":\"2\",\"enabled\":true,\"type\":\"date_histogram\",\"schema\":\"segment\",\"params\":{\"field\":\"@timestamp\",\"interval\":\"auto\",\"customInterval\":\"2h\",\"min_doc_count\":1,\"extended_bounds\":{}}},{\"id\":\"3\",\"enabled\":true,\"type\":\"terms\",\"schema\":\"group\",\"params\":{\"field\":\"nginx.access.remote_ip\",\"size\":5,\"order\":\"desc\",\"orderBy\":\"1\"}}],\"listeners\":{}}"
      },
      "id": "ML-Nginx-Access-Remote-IP-Timechart",
      "type": "visualization",
      "version": 1
    },
    {
      "attributes": {
        "description": "",
        "kibanaSavedObjectMeta": {
          "searchSourceJSON": "{\"filter\":[]}"
        },
        "savedSearchId": "ML-Filebeat-Nginx-Access",
        "title": "ML Nginx Access Response Code Timechart",
        "uiStateJSON": "{\n  \"vis\": {\n    \"colors\": {\n      \"200\": \"#7EB26D\",\n      \"404\": \"#614D93\"\n    }\n  }\n}",
        "version": 1,
        "visState": "{\"title\":\"ML Nginx Access Response Code Timechart\",\"type\":\"histogram\",\"params\":{\"shareYAxis\":true,\"addTooltip\":true,\"addLegend\":true,\"legendPosition\":\"right\",\"scale\":\"linear\",\"mode\":\"stacked\",\"times\":[],\"addTimeMarker\":false,\"defaultYExtents\":false,\"setYExtents\":false,\"yAxis\":{}},\"aggs\":[{\"id\":\"1\",\"enabled\":true,\"type\":\"count\",\"schema\":\"metric\",\"params\":{}},{\"id\":\"2\",\"enabled\":true,\"type\":\"date_histogram\",\"schema\":\"segment\",\"params\":{\"field\":\"@timestamp\",\"interval\":\"auto\",\"customInterval\":\"2h\",\"min_doc_count\":1,\"extended_bounds\":{}}},{\"id\":\"3\",\"enabled\":true,\"type\":\"terms\",\"schema\":\"group\",\"params\":{\"field\":\"nginx.access.response_code\",\"size\":5,\"order\":\"desc\",\"orderBy\":\"1\"}}],\"listeners\":{}}"
      },
      "id": "ML-Nginx-Access-Response-Code-Timechart",
      "type": "visualization",
      "version": 1
    },
    {
      "attributes": {
        "description": "",
        "kibanaSavedObjectMeta": {
          "searchSourceJSON": "{}"
        },
        "savedSearchId": "ML-Filebeat-Nginx-Access",
        "title": "ML Nginx Access Top Remote IPs Table",
        "uiStateJSON": "{\"vis\":{\"params\":{\"sort\":{\"columnIndex\":null,\"direction\":null}}}}",
        "version": 1,
        "visState": "{\"title\":\"ML Nginx Access Top Remote IPs Table\",\"type\":\"table\",\"params\":{\"perPage\":10,\"showPartialRows\":false,\"showMeticsAtAllLevels\":false,\"sort\":{\"columnIndex\":null,\"direction\":null},\"showTotal\":false,\"totalFunc\":\"sum\"},\"aggs\":[{\"id\":\"1\",\"enabled\":true,\"type\":\"count\",\"schema\":\"metric\",\"params\":{}},{\"id\":\"2\",\"enabled\":true,\"type\":\"terms\",\"schema\":\"bucket\",\"params\":{\"field\":\"nginx.access.remote_ip\",\"size\":5,\"order\":\"desc\",\"orderBy\":\"1\"}}],\"listeners\":{}}"
      },
      "id": "ML-Nginx-Access-Top-Remote-IPs-Table",
      "type": "visualization",
      "version": 1
    },
    {
      "attributes": {
        "description": "",
        "kibanaSavedObjectMeta": {
          "searchSourceJSON": "{\"filter\":[]}"
        },
        "savedSearchId": "ML-Filebeat-Nginx-Access",
        "title": "ML Nginx Access Map",
        "uiStateJSON": "{\n  \"mapCenter\": [\n    12.039320557540572,\n    -0.17578125\n  ]\n}",
        "version": 1,
        "visState": "{\"aggs\":[{\"enabled\":true,\"id\":\"1\",\"params\":{},\"schema\":\"metric\",\"type\":\"count\"},{\"enabled\":true,\"id\":\"2\",\"params\":{\"autoPrecision\":true,\"field\":\"nginx.access.geoip.location\"},\"schema\":\"segment\",\"type\":\"geohash_grid\"}],\"listeners\":{},\"params\":{\"addTooltip\":true,\"heatBlur\":15,\"heatMaxZoom\":16,\"heatMinOpacity\":0.1,\"heatNormalizeData\":true,\"heatRadius\":25,\"isDesaturated\":true,\"legendPosition\":\"bottomright\",\"mapCenter\":[15,5],\"mapType\":\"Scaled Circle Markers\",\"mapZoom\":2,\"wms\":{\"enabled\":false,\"options\":{\"attribution\":\"Maps provided by USGS\",\"format\":\"image/png\",\"layers\":\"0\",\"styles\":\"\",\"transparent\":true,\"version\":\"1.3.0\"},\"url\":\"https://basemap.nationalmap.gov/arcgis/services/USGSTopo/MapServer/WMSServer\"}},\"title\":\"ML Nginx Access Map\",\"type\":\"tile_map\"}"
      },
      "id": "ML-Nginx-Access-Map",
      "type": "visualization",
      "version": 1
    },
    {
      "attributes": {
        "description": "",
        "kibanaSavedObjectMeta": {
          "searchSourceJSON": "{}"
        },
        "savedSearchId": "ML-Filebeat-Nginx-Access",
        "title": "ML Nginx Access Top URLs Table",
        "uiStateJSON": "{\"vis\":{\"params\":{\"sort\":{\"columnIndex\":null,\"direction\":null}}}}",
        "version": 1,
        "visState": "{\"title\":\"ML Nginx Access Top URLs Table\",\"type\":\"table\",\"params\":{\"perPage\":100,\"showPartialRows\":false,\"showMeticsAtAllLevels\":false,\"sort\":{\"columnIndex\":null,\"direction\":null},\"showTotal\":false,\"totalFunc\":\"sum\"},\"aggs\":[{\"id\":\"1\",\"enabled\":true,\"type\":\"count\",\"schema\":\"metric\",\"params\":{}},{\"id\":\"2\",\"enabled\":true,\"type\":\"terms\",\"schema\":\"bucket\",\"params\":{\"field\":\"nginx.access.url\",\"size\":1000,\"order\":\"desc\",\"orderBy\":\"1\"}}],\"listeners\":{}}"
      },
      "id": "ML-Nginx-Access-Top-URLs-Table",
      "type": "visualization",
      "version": 1
    },
    {
      "attributes": {
        "columns": [
          "_source"
        ],
        "description": "Filebeat Nginx Access Data",
        "hits": 0,
        "kibanaSavedObjectMeta": {
          "searchSourceJSON": "{\"index\":\"filebeat-*\",\"query\":{\"query_string\":{\"query\":\"_exists_:nginx.access\",\"analyze_wildcard\":true}},\"filter\":[],\"highlight\":{\"pre_tags\":[\"@kibana-highlighted-field@\"],\"post_tags\":[\"@/kibana-highlighted-field@\"],\"fields\":{\"*\":{}},\"require_field_match\":false,\"fragment_size\":2147483647}}"
        },
        "sort": [
          "@timestamp",
          "desc"
        ],
        "title": "ML Nginx Access Data",
        "version": 1
      },
      "id": "ML-Filebeat-Nginx-Access",
      "type": "search",
      "version": 1
    },
    {
      "attributes": {
        "description": "",
        "hits": 0,
        "kibanaSavedObjectMeta": {
          "searchSourceJSON": "{\"filter\":[{\"query\":{\"query_string\":{\"analyze_wildcard\":true,\"query\":\"*\"}}}],\"highlightAll\":true,\"version\":true}"
        },
        "optionsJSON": "{\"darkTheme\":false}",
        "panelsJSON": "[{\"size_x\":6,\"size_y\":3,\"panelIndex\":1,\"type\":\"visualization\",\"id\":\"ML-Nginx-Access-Remote-IP-Timechart\",\"col\":1,\"row\":1},{\"size_x\":6,\"size_y\":3,\"panelIndex\":2,\"type\":\"visualization\",\"id\":\"ML-Nginx-Access-Response-Code-Timechart\",\"col\":7,\"row\":1},{\"size_x\":6,\"size_y\":3,\"panelIndex\":3,\"type\":\"visualization\",\"id\":\"ML-Nginx-Access-Top-Remote-IPs-Table\",\"col\":1,\"row\":4},{\"size_x\":6,\"size_y\":3,\"panelIndex\":4,\"type\":\"visualization\",\"id\":\"ML-Nginx-Access-Map\",\"col\":7,\"row\":4},{\"size_x\":12,\"size_y\":9,\"panelIndex\":5,\"type\":\"visualization\",\"id\":\"ML-Nginx-Access-Top-URLs-Table\",\"col\":1,\"row\":7}]",
        "timeRestore": false,
        "title": "ML Nginx Access Remote IP Count Explorer",
        "uiStateJSON": "{\"P-3\":{\"vis\":{\"params\":{\"sort\":{\"columnIndex\":null,\"direction\":null}}}},\"P-5\":{\"vis\":{\"params\":{\"sort\":{\"columnIndex\":null,\"direction\":null}}}}}",
        "version": 1
      },
      "id": "ML-Nginx-Access-Remote-IP-Count-Explorer",
      "type": "dashboard",
      "version": 1
    }
  ],
  "version": "6.0.0-alpha3-SNAPSHOT"
}