{
  "objects": [
    {
      "attributes": {
        "description": "",
        "kibanaSavedObjectMeta": {
          "searchSourceJSON": "{}"
        },
        "savedSearchId": "ML-Filebeat-Nginx-Access",
        "title": "ML Nginx Access Unique Count URL Timechart",
        "uiStateJSON": "{}",
        "version": 1,
        "visState": "{\"title\":\"ML Nginx Access Unique Count URL Timechart\",\"type\":\"line\",\"params\":{\"grid\":{\"categoryLines\":false,\"style\":{\"color\":\"#eee\"}},\"categoryAxes\":[{\"id\":\"CategoryAxis-1\",\"type\":\"category\",\"position\":\"bottom\",\"show\":true,\"style\":{},\"scale\":{\"type\":\"linear\"},\"labels\":{\"show\":true,\"truncate\":100},\"title\":{\"text\":\"@timestamp per day\"}}],\"valueAxes\":[{\"id\":\"ValueAxis-1\",\"name\":\"LeftAxis-1\",\"type\":\"value\",\"position\":\"left\",\"show\":true,\"style\":{},\"scale\":{\"type\":\"linear\",\"mode\":\"normal\"},\"labels\":{\"show\":true,\"rotate\":0,\"filter\":false,\"truncate\":100},\"title\":{\"text\":\"Unique count of nginx.access.url\"}}],\"seriesParams\":[{\"show\":true,\"mode\":\"normal\",\"type\":\"line\",\"drawLinesBetweenPoints\":true,\"showCircles\":true,\"interpolate\":\"linear\",\"lineWidth\":2,\"data\":{\"id\":\"1\",\"label\":\"Unique count of nginx.access.url\"},\"valueAxis\":\"ValueAxis-1\"}],\"addTooltip\":true,\"addLegend\":true,\"legendPosition\":\"right\",\"showCircles\":true,\"interpolate\":\"linear\",\"scale\":\"linear\",\"drawLinesBetweenPoints\":true,\"radiusRatio\":9,\"times\":[],\"addTimeMarker\":false,\"defaultYExtents\":false,\"setYExtents\":false},\"aggs\":[{\"id\":\"1\",\"enabled\":true,\"type\":\"cardinality\",\"schema\":\"metric\",\"params\":{\"field\":\"nginx.access.url\"}},{\"id\":\"2\",\"enabled\":true,\"type\":\"date_histogram\",\"schema\":\"segment\",\"params\":{\"field\":\"@timestamp\",\"interval\":\"auto\",\"customInterval\":\"2h\",\"min_doc_count\":1,\"extended_bounds\":{}}}],\"listeners\":{}}"
      },
      "id": "ML-Nginx-Access-Unique-Count-URL-Timechart",
      "type": "visualization",
      "version": 1
    },
    {
      "attributes": {
        "description": "",
        "kibanaSavedObjectMeta": {
          "searchSourceJSON": "{\"filter\":[]}"
        },
        "savedSearchId": "ML-Filebeat-Nginx-Access",
        "title": "ML Nginx Access Response Code Timechart",
        "uiStateJSON": "{\n  \"vis\": {\n    \"colors\": {\n      \"200\": \"#7EB26D\",\n      \"404\": \"#614D93\"\n    }\n  }\n}",
        "version": 1,
        "visState": "{\"title\":\"ML Nginx Access Response Code Timechart\",\"type\":\"histogram\",\"params\":{\"shareYAxis\":true,\"addTooltip\":true,\"addLegend\":true,\"legendPosition\":\"right\",\"scale\":\"linear\",\"mode\":\"stacked\",\"times\":[],\"addTimeMarker\":false,\"defaultYExtents\":false,\"setYExtents\":false,\"yAxis\":{}},\"aggs\":[{\"id\":\"1\",\"enabled\":true,\"type\":\"count\",\"schema\":\"metric\",\"params\":{}},{\"id\":\"2\",\"enabled\":true,\"type\":\"date_histogram\",\"schema\":\"segment\",\"params\":{\"field\":\"@timestamp\",\"interval\":\"auto\",\"customInterval\":\"2h\",\"min_doc_count\":1,\"extended_bounds\":{}}},{\"id\":\"3\",\"enabled\":true,\"type\":\"terms\",\"schema\":\"group\",\"params\":{\"field\":\"nginx.access.response_code\",\"size\":5,\"order\":\"desc\",\"orderBy\":\"1\"}}],\"listeners\":{}}"
      },
      "id": "ML-Nginx-Access-Response-Code-Timechart",
      "type": "visualization",
      "version": 1
    },
    {
      "attributes": {
        "description": "",
        "kibanaSavedObjectMeta": {
          "searchSourceJSON": "{}"
        },
        "savedSearchId": "ML-Filebeat-Nginx-Access",
        "title": "ML Nginx Access Top Remote IPs Table",
        "uiStateJSON": "{\"vis\":{\"params\":{\"sort\":{\"columnIndex\":null,\"direction\":null}}}}",
        "version": 1,
        "visState": "{\"title\":\"ML Nginx Access Top Remote IPs Table\",\"type\":\"table\",\"params\":{\"perPage\":10,\"showPartialRows\":false,\"showMeticsAtAllLevels\":false,\"sort\":{\"columnIndex\":null,\"direction\":null},\"showTotal\":false,\"totalFunc\":\"sum\"},\"aggs\":[{\"id\":\"1\",\"enabled\":true,\"type\":\"count\",\"schema\":\"metric\",\"params\":{}},{\"id\":\"2\",\"enabled\":true,\"type\":\"terms\",\"schema\":\"bucket\",\"params\":{\"field\":\"nginx.access.remote_ip\",\"size\":5,\"order\":\"desc\",\"orderBy\":\"1\"}}],\"listeners\":{}}"
      },
      "id": "ML-Nginx-Access-Top-Remote-IPs-Table",
      "type": "visualization",
      "version": 1
    },
    {
      "attributes": {
        "description": "",
        "kibanaSavedObjectMeta": {
          "searchSourceJSON": "{\"filter\":[]}"
        },
        "savedSearchId": "ML-Filebeat-Nginx-Access",
        "title": "ML Nginx Access Map",
        "uiStateJSON": "{\n  \"mapCenter\": [\n    12.039320557540572,\n    -0.17578125\n  ]\n}",
        "version": 1,
        "visState": "{\"aggs\":[{\"enabled\":true,\"id\":\"1\",\"params\":{},\"schema\":\"metric\",\"type\":\"count\"},{\"enabled\":true,\"id\":\"2\",\"params\":{\"autoPrecision\":true,\"field\":\"nginx.access.geoip.location\"},\"schema\":\"segment\",\"type\":\"geohash_grid\"}],\"listeners\":{},\"params\":{\"addTooltip\":true,\"heatBlur\":15,\"heatMaxZoom\":16,\"heatMinOpacity\":0.1,\"heatNormalizeData\":true,\"heatRadius\":25,\"isDesaturated\":true,\"legendPosition\":\"bottomright\",\"mapCenter\":[15,5],\"mapType\":\"Scaled Circle Markers\",\"mapZoom\":2,\"wms\":{\"enabled\":false,\"options\":{\"attribution\":\"Maps provided by USGS\",\"format\":\"image/png\",\"layers\":\"0\",\"styles\":\"\",\"transparent\":true,\"version\":\"1.3.0\"},\"url\":\"https://basemap.nationalmap.gov/arcgis/services/USGSTopo/MapServer/WMSServer\"}},\"title\":\"ML Nginx Access Map\",\"type\":\"tile_map\"}"
      },
      "id": "ML-Nginx-Access-Map",
      "type": "visualization",
      "version": 1
    },
    {
      "attributes": {
        "description": "",
        "kibanaSavedObjectMeta": {
          "searchSourceJSON": "{}"
        },
        "savedSearchId": "ML-Filebeat-Nginx-Access",
        "title": "ML Nginx Access Top URLs Table",
        "uiStateJSON": "{\"vis\":{\"params\":{\"sort\":{\"columnIndex\":null,\"direction\":null}}}}",
        "version": 1,
        "visState": "{\"title\":\"ML Nginx Access Top URLs Table\",\"type\":\"table\",\"params\":{\"perPage\":100,\"showPartialRows\":false,\"showMeticsAtAllLevels\":false,\"sort\":{\"columnIndex\":null,\"direction\":null},\"showTotal\":false,\"totalFunc\":\"sum\"},\"aggs\":[{\"id\":\"1\",\"enabled\":true,\"type\":\"count\",\"schema\":\"metric\",\"params\":{}},{\"id\":\"2\",\"enabled\":true,\"type\":\"terms\",\"schema\":\"bucket\",\"params\":{\"field\":\"nginx.access.url\",\"size\":1000,\"order\":\"desc\",\"orderBy\":\"1\"}}],\"listeners\":{}}"
      },
      "id": "ML-Nginx-Access-Top-URLs-Table",
      "type": "visualization",
      "version": 1
    },
    {
      "attributes": {
        "columns": [
          "_source"
        ],
        "description": "Filebeat Nginx Access Data",
        "hits": 0,
        "kibanaSavedObjectMeta": {
          "searchSourceJSON": "{\"index\":\"filebeat-*\",\"query\":{\"query_string\":{\"query\":\"_exists_:nginx.access\",\"analyze_wildcard\":true}},\"filter\":[],\"highlight\":{\"pre_tags\":[\"@kibana-highlighted-field@\"],\"post_tags\":[\"@/kibana-highlighted-field@\"],\"fields\":{\"*\":{}},\"require_field_match\":false,\"fragment_size\":2147483647}}"
        },
        "sort": [
          "@timestamp",
          "desc"
        ],
        "title": "ML Nginx Access Data",
        "version": 1
      },
      "id": "ML-Filebeat-Nginx-Access",
      "type": "search",
      "version": 1
    },
    {
      "attributes": {
        "description": "",
        "hits": 0,
        "kibanaSavedObjectMeta": {
          "searchSourceJSON": "{\"filter\":[{\"query\":{\"query_string\":{\"analyze_wildcard\":true,\"query\":\"*\"}}}],\"highlightAll\":true,\"version\":true}"
        },
        "optionsJSON": "{\"darkTheme\":false}",
        "panelsJSON": "[{\"col\":1,\"id\":\"ML-Nginx-Access-Unique-Count-URL-Timechart\",\"panelIndex\":1,\"row\":1,\"size_x\":6,\"size_y\":3,\"type\":\"visualization\"},{\"col\":7,\"id\":\"ML-Nginx-Access-Response-Code-Timechart\",\"panelIndex\":2,\"row\":1,\"size_x\":6,\"size_y\":3,\"type\":\"visualization\"},{\"col\":1,\"id\":\"ML-Nginx-Access-Top-Remote-IPs-Table\",\"panelIndex\":3,\"row\":4,\"size_x\":6,\"size_y\":3,\"type\":\"visualization\"},{\"col\":7,\"id\":\"ML-Nginx-Access-Map\",\"panelIndex\":4,\"row\":4,\"size_x\":6,\"size_y\":3,\"type\":\"visualization\"},{\"size_x\":12,\"size_y\":8,\"panelIndex\":5,\"type\":\"visualization\",\"id\":\"ML-Nginx-Access-Top-URLs-Table\",\"col\":1,\"row\":7}]",
        "timeRestore": false,
        "title": "ML Nginx Access Remote IP URL Explorer",
        "uiStateJSON": "{\"P-2\":{\"vis\":{\"params\":{\"sort\":{\"columnIndex\":null,\"direction\":null}}}},\"P-3\":{\"vis\":{\"params\":{\"sort\":{\"columnIndex\":null,\"direction\":null}}}},\"P-5\":{\"vis\":{\"params\":{\"sort\":{\"columnIndex\":null,\"direction\":null}}}}}",
        "version": 1
      },
      "id": "ML-Nginx-Remote-IP-URL-Explorer",
      "type": "dashboard",
      "version": 1
    }
  ],
  "version": "6.0.0-alpha3-SNAPSHOT"
}