{
  "objects": [
    {
      "attributes": {
        "description": "",
        "kibanaSavedObjectMeta": {
          "searchSourceJSON": "{\n  \"filter\": []\n}"
        },
        "savedSearchId": "Metricbeat-Docker",
        "title": "Docker containers",
        "uiStateJSON": "{\n  \"vis\": {\n    \"params\": {\n      \"sort\": {\n        \"columnIndex\": 1,\n        \"direction\": \"asc\"\n      }\n    }\n  }\n}",
        "version": 1,
        "visState": "{\n  \"title\": \"Docker containers\",\n  \"type\": \"table\",\n  \"params\": {\n    \"perPage\": 8,\n    \"showMeticsAtAllLevels\": false,\n    \"showPartialRows\": false,\n    \"showTotal\": true,\n    \"sort\": {\n      \"columnIndex\": null,\n      \"direction\": null\n    },\n    \"totalFunc\": \"sum\"\n  },\n  \"aggs\": [\n    {\n      \"id\": \"2\",\n      \"enabled\": true,\n      \"type\": \"terms\",\n      \"schema\": \"bucket\",\n      \"params\": {\n        \"field\": \"docker.container.name\",\n        \"size\": 5,\n        \"order\": \"desc\",\n        \"orderBy\": \"1\",\n        \"customLabel\": \"Name\"\n      }\n    },\n    {\n      \"id\": \"3\",\n      \"enabled\": true,\n      \"type\": \"max\",\n      \"schema\": \"metric\",\n      \"params\": {\n        \"field\": \"docker.cpu.total.pct\",\n        \"customLabel\": \"CPU usage (%)\"\n      }\n    },\n    {\n      \"id\": \"4\",\n      \"enabled\": true,\n      \"type\": \"max\",\n      \"schema\": \"metric\",\n      \"params\": {\n        \"field\": \"docker.diskio.total\",\n        \"customLabel\": \"DiskIO\"\n      }\n    },\n    {\n      \"id\": \"5\",\n      \"enabled\": true,\n      \"type\": \"max\",\n      \"schema\": \"metric\",\n      \"params\": {\n        \"field\": \"docker.memory.usage.pct\",\n        \"customLabel\": \"Mem (%)\"\n      }\n    },\n    {\n      \"id\": \"6\",\n      \"enabled\": true,\n      \"type\": \"max\",\n      \"schema\": \"metric\",\n      \"params\": {\n        \"field\": \"docker.memory.rss.total\",\n        \"customLabel\": \"Mem RSS\"\n      }\n    },\n    {\n      \"id\": \"1\",\n      \"enabled\": true,\n      \"type\": \"cardinality\",\n      \"schema\": \"metric\",\n      \"params\": {\n        \"field\": \"docker.container.id\",\n        \"customLabel\": \"Number of Containers\"\n      }\n    }\n  ],\n  \"listeners\": {}\n}"
      },
      "id": "Docker-containers",
      "type": "visualization",
      "version": 1
    },
    {
      "attributes": {
        "description": "",
        "kibanaSavedObjectMeta": {
          "searchSourceJSON": "{\"filter\":[]}"
        },
        "savedSearchId": "Metricbeat-Docker",
        "title": "Docker Number of Containers",
        "uiStateJSON": "{}",
        "version": 1,
        "visState": "{\"title\":\"Docker Number of Containers\",\"type\":\"metric\",\"params\":{\"handleNoResults\":true,\"fontSize\":\"36\"},\"aggs\":[{\"id\":\"2\",\"enabled\":true,\"type\":\"max\",\"schema\":\"metric\",\"params\":{\"field\":\"docker.info.containers.running\",\"customLabel\":\"Running\"}},{\"id\":\"3\",\"enabled\":true,\"type\":\"max\",\"schema\":\"metric\",\"params\":{\"field\":\"docker.info.containers.paused\",\"customLabel\":\"Paused\"}},{\"id\":\"4\",\"enabled\":true,\"type\":\"max\",\"schema\":\"metric\",\"params\":{\"field\":\"docker.info.containers.stopped\",\"customLabel\":\"Stopped\"}}],\"listeners\":{}}"
      },
      "id": "Docker-Number-of-Containers",
      "type": "visualization",
      "version": 1
    },
    {
      "attributes": {
        "description": "",
        "kibanaSavedObjectMeta": {
          "searchSourceJSON": "{\"filter\":[]}"
        },
        "savedSearchId": "Metricbeat-Docker",
        "title": "Docker containers per host",
        "uiStateJSON": "{}",
        "version": 1,
        "visState": "{\"title\":\"Docker containers per host\",\"type\":\"pie\",\"params\":{\"shareYAxis\":true,\"addTooltip\":true,\"addLegend\":true,\"legendPosition\":\"bottom\",\"isDonut\":true},\"aggs\":[{\"id\":\"1\",\"enabled\":true,\"type\":\"cardinality\",\"schema\":\"metric\",\"params\":{\"field\":\"docker.container.id\",\"customLabel\":\"Number of containers\"}},{\"id\":\"2\",\"enabled\":true,\"type\":\"terms\",\"schema\":\"segment\",\"params\":{\"field\":\"beat.hostname\",\"size\":5,\"order\":\"desc\",\"orderBy\":\"1\",\"customLabel\":\"Hosts\"}}],\"listeners\":{}}"
      },
      "id": "Docker-containers-per-host",
      "type": "visualization",
      "version": 1
    },
    {
      "attributes": {
        "description": "",
        "kibanaSavedObjectMeta": {
          "searchSourceJSON": "{\"filter\":[]}"
        },
        "savedSearchId": "Metricbeat-Docker",
        "title": "Docker images and names",
        "uiStateJSON": "{}",
        "version": 1,
        "visState": "{\"title\":\"Docker images and names\",\"type\":\"pie\",\"params\":{\"shareYAxis\":true,\"addTooltip\":true,\"addLegend\":true,\"legendPosition\":\"bottom\",\"isDonut\":true},\"aggs\":[{\"id\":\"1\",\"enabled\":true,\"type\":\"count\",\"schema\":\"metric\",\"params\":{}},{\"id\":\"2\",\"enabled\":true,\"type\":\"terms\",\"schema\":\"segment\",\"params\":{\"field\":\"docker.container.image\",\"size\":5,\"order\":\"desc\",\"orderBy\":\"1\"}},{\"id\":\"3\",\"enabled\":true,\"type\":\"terms\",\"schema\":\"segment\",\"params\":{\"field\":\"docker.container.name\",\"size\":5,\"order\":\"desc\",\"orderBy\":\"1\"}}],\"listeners\":{}}"
      },
      "id": "Docker-images-and-names",
      "type": "visualization",
      "version": 1
    },
    {
      "attributes": {
        "description": "",
        "kibanaSavedObjectMeta": {
          "searchSourceJSON": "{\n  \"filter\": [],\n  \"index\": \"metricbeat-*\",\n  \"highlight\": {\n    \"pre_tags\": [\n      \"@kibana-highlighted-field@\"\n    ],\n    \"post_tags\": [\n      \"@/kibana-highlighted-field@\"\n    ],\n    \"fields\": {\n      \"*\": {}\n    },\n    \"require_field_match\": false,\n    \"fragment_size\": 2147483647\n  },\n  \"query\": {\n    \"query_string\": {\n      \"query\": \"metricset.module:docker AND metricset.name:cpu\",\n      \"analyze_wildcard\": true\n    }\n  }\n}"
        },
        "title": "Docker CPU usage",
        "uiStateJSON": "{}",
        "version": 1,
        "visState": "{\n  \"title\": \"Docker CPU usage\",\n  \"type\": \"area\",\n  \"params\": {\n    \"addLegend\": true,\n    \"addTimeMarker\": false,\n    \"addTooltip\": true,\n    \"defaultYExtents\": false,\n    \"interpolate\": \"linear\",\n    \"legendPosition\": \"top\",\n    \"mode\": \"stacked\",\n    \"scale\": \"linear\",\n    \"setYExtents\": false,\n    \"shareYAxis\": true,\n    \"smoothLines\": true,\n    \"times\": [],\n    \"yAxis\": {}\n  },\n  \"aggs\": [\n    {\n      \"id\": \"1\",\n      \"enabled\": true,\n      \"type\": \"percentiles\",\n      \"schema\": \"metric\",\n      \"params\": {\n        \"field\": \"docker.cpu.total.pct\",\n        \"percents\": [\n          75\n        ],\n        \"customLabel\": \"Total CPU time\"\n      }\n    },\n    {\n      \"id\": \"2\",\n      \"enabled\": true,\n      \"type\": \"date_histogram\",\n      \"schema\": \"segment\",\n      \"params\": {\n        \"field\": \"@timestamp\",\n        \"interval\": \"auto\",\n        \"customInterval\": \"2h\",\n        \"min_doc_count\": 1,\n        \"extended_bounds\": {}\n      }\n    },\n    {\n      \"id\": \"3\",\n      \"enabled\": true,\n      \"type\": \"terms\",\n      \"schema\": \"group\",\n      \"params\": {\n        \"field\": \"docker.container.name\",\n        \"size\": 5,\n        \"order\": \"desc\",\n        \"orderBy\": \"1.75\",\n        \"customLabel\": \"Container name\"\n      }\n    }\n  ],\n  \"listeners\": {}\n}"
      },
      "id": "Docker-CPU-usage",
      "type": "visualization",
      "version": 1
    },
    {
      "attributes": {
        "description": "",
        "kibanaSavedObjectMeta": {
          "searchSourceJSON": "{\"filter\":[],\"index\":\"metricbeat-*\",\"highlight\":{\"pre_tags\":[\"@kibana-highlighted-field@\"],\"post_tags\":[\"@/kibana-highlighted-field@\"],\"fields\":{\"*\":{}},\"require_field_match\":false,\"fragment_size\":2147483647},\"query\":{\"query_string\":{\"query\":\"metricset.module:docker AND metricset.name:memory\",\"analyze_wildcard\":true}}}"
        },
        "title": "Docker memory usage",
        "uiStateJSON": "{}",
        "version": 1,
        "visState": "{\"title\":\"Docker memory usage\",\"type\":\"area\",\"params\":{\"shareYAxis\":true,\"addTooltip\":true,\"addLegend\":true,\"legendPosition\":\"top\",\"smoothLines\":false,\"scale\":\"linear\",\"interpolate\":\"linear\",\"mode\":\"stacked\",\"times\":[],\"addTimeMarker\":false,\"defaultYExtents\":false,\"setYExtents\":false,\"yAxis\":{}},\"aggs\":[{\"id\":\"1\",\"enabled\":true,\"type\":\"max\",\"schema\":\"metric\",\"params\":{\"field\":\"docker.memory.usage.total\",\"customLabel\":\"Memory\"}},{\"id\":\"2\",\"enabled\":true,\"type\":\"date_histogram\",\"schema\":\"segment\",\"params\":{\"field\":\"@timestamp\",\"interval\":\"auto\",\"customInterval\":\"2h\",\"min_doc_count\":1,\"extended_bounds\":{}}},{\"id\":\"3\",\"enabled\":true,\"type\":\"terms\",\"schema\":\"group\",\"params\":{\"field\":\"docker.container.name\",\"size\":5,\"order\":\"desc\",\"orderBy\":\"1\",\"customLabel\":\"Container name\"}}],\"listeners\":{}}"
      },
      "id": "Docker-memory-usage",
      "type": "visualization",
      "version": 1
    },
    {
      "attributes": {
        "description": "",
        "kibanaSavedObjectMeta": {
          "searchSourceJSON": "{\"filter\":[],\"index\":\"metricbeat-*\",\"highlight\":{\"pre_tags\":[\"@kibana-highlighted-field@\"],\"post_tags\":[\"@/kibana-highlighted-field@\"],\"fields\":{\"*\":{}},\"require_field_match\":false,\"fragment_size\":2147483647},\"query\":{\"query_string\":{\"query\":\"metricset.module:docker AND metricset.name:network\",\"analyze_wildcard\":true}}}"
        },
        "title": "Docker Network IO",
        "uiStateJSON": "{}",
        "version": 1,
        "visState": "{\"title\":\"Docker Network IO\",\"type\":\"area\",\"params\":{\"addLegend\":true,\"addTimeMarker\":false,\"addTooltip\":true,\"defaultYExtents\":false,\"interpolate\":\"linear\",\"legendPosition\":\"top\",\"mode\":\"stacked\",\"scale\":\"linear\",\"setYExtents\":false,\"shareYAxis\":true,\"smoothLines\":true,\"times\":[],\"yAxis\":{}},\"aggs\":[{\"id\":\"1\",\"enabled\":true,\"type\":\"max\",\"schema\":\"metric\",\"params\":{\"field\":\"docker.network.in.bytes\",\"customLabel\":\"IN bytes\"}},{\"id\":\"2\",\"enabled\":true,\"type\":\"date_histogram\",\"schema\":\"segment\",\"params\":{\"field\":\"@timestamp\",\"interval\":\"auto\",\"customInterval\":\"2h\",\"min_doc_count\":1,\"extended_bounds\":{}}},{\"id\":\"3\",\"enabled\":true,\"type\":\"terms\",\"schema\":\"group\",\"params\":{\"field\":\"docker.container.name\",\"size\":5,\"order\":\"desc\",\"orderBy\":\"1\",\"customLabel\":\"Container name\"}},{\"id\":\"4\",\"enabled\":true,\"type\":\"max\",\"schema\":\"metric\",\"params\":{\"field\":\"docker.network.out.bytes\",\"customLabel\":\"OUT bytes\"}}],\"listeners\":{}}"
      },
      "id": "Docker-Network-IO",
      "type": "visualization",
      "version": 1
    },
    {
      "attributes": {
        "columns": [
          "_source"
        ],
        "description": "",
        "hits": 0,
        "kibanaSavedObjectMeta": {
          "searchSourceJSON": "{\"index\":\"metricbeat-*\",\"filter\":[],\"highlight\":{\"pre_tags\":[\"@kibana-highlighted-field@\"],\"post_tags\":[\"@/kibana-highlighted-field@\"],\"fields\":{\"*\":{}},\"require_field_match\":false,\"fragment_size\":2147483647},\"query\":{\"query_string\":{\"query\":\"metricset.module:docker\",\"analyze_wildcard\":true}}}"
        },
        "sort": [
          "@timestamp",
          "desc"
        ],
        "title": "Metricbeat Docker",
        "version": 1
      },
      "id": "Metricbeat-Docker",
      "type": "search",
      "version": 4
    }
  ],
  "version": "6.0.0-alpha3-SNAPSHOT"
}