{
  "objects": [
    {
      "attributes": {
        "description": "",
        "kibanaSavedObjectMeta": {
          "searchSourceJSON": "{\"filter\":[]}"
        },
        "savedSearchId": "MongoDB-search",
        "title": "MongoDB hosts",
        "uiStateJSON": "{\"vis\":{\"params\":{\"sort\":{\"columnIndex\":null,\"direction\":null}}}}",
        "version": 1,
        "visState": "{\"title\":\"MongoDB hosts\",\"type\":\"table\",\"params\":{\"perPage\":10,\"showPartialRows\":false,\"showMeticsAtAllLevels\":false,\"sort\":{\"columnIndex\":null,\"direction\":null},\"showTotal\":false,\"totalFunc\":\"sum\"},\"aggs\":[{\"id\":\"1\",\"enabled\":true,\"type\":\"avg\",\"schema\":\"metric\",\"params\":{\"field\":\"mongodb.status.connections.current\",\"customLabel\":\"Number of connections\"}},{\"id\":\"2\",\"enabled\":true,\"type\":\"terms\",\"schema\":\"bucket\",\"params\":{\"field\":\"metricset.host\",\"size\":5,\"order\":\"desc\",\"orderBy\":\"1\"}},{\"id\":\"3\",\"enabled\":true,\"type\":\"avg\",\"schema\":\"metric\",\"params\":{\"field\":\"mongodb.status.memory.bits\",\"customLabel\":\"Arch\"}},{\"id\":\"4\",\"enabled\":true,\"type\":\"avg\",\"schema\":\"metric\",\"params\":{\"field\":\"mongodb.status.memory.resident.mb\",\"customLabel\":\"Resident memory\"}},{\"id\":\"5\",\"enabled\":true,\"type\":\"avg\",\"schema\":\"metric\",\"params\":{\"field\":\"mongodb.status.memory.virtual.mb\",\"customLabel\":\"Virtual memory\"}}],\"listeners\":{}}"
      },
      "id": "MongoDB-hosts",
      "type": "visualization",
      "version": 1
    },
    {
      "attributes": {
        "description": "",
        "kibanaSavedObjectMeta": {
          "searchSourceJSON": "{\"filter\":[]}"
        },
        "savedSearchId": "MongoDB-search",
        "title": "MongoDB Engine \u0026 Version",
        "uiStateJSON": "{}",
        "version": 1,
        "visState": "{\"title\":\"MongoDB Engine \u0026 Version\",\"type\":\"pie\",\"params\":{\"addLegend\":true,\"addTooltip\":true,\"isDonut\":true,\"legendPosition\":\"bottom\",\"shareYAxis\":true},\"aggs\":[{\"id\":\"1\",\"enabled\":true,\"type\":\"cardinality\",\"schema\":\"metric\",\"params\":{\"field\":\"metricset.host\"}},{\"id\":\"2\",\"enabled\":true,\"type\":\"terms\",\"schema\":\"segment\",\"params\":{\"field\":\"mongodb.status.storage_engine.name\",\"size\":5,\"order\":\"desc\",\"orderBy\":\"1\",\"customLabel\":\"Engine\"}},{\"id\":\"3\",\"enabled\":true,\"type\":\"terms\",\"schema\":\"segment\",\"params\":{\"field\":\"mongodb.status.version\",\"size\":5,\"order\":\"desc\",\"orderBy\":\"1\",\"customLabel\":\"Version\"}}],\"listeners\":{}}"
      },
      "id": "MongoDB-Engine-ampersand-Version",
      "type": "visualization",
      "version": 1
    },
    {
      "attributes": {
        "description": "",
        "kibanaSavedObjectMeta": {
          "searchSourceJSON": "{\"filter\":[]}"
        },
        "savedSearchId": "MongoDB-search",
        "title": "MongoDB operation counters",
        "uiStateJSON": "{}",
        "version": 1,
        "visState": "{\"title\":\"MongoDB operation counters\",\"type\":\"area\",\"params\":{\"shareYAxis\":true,\"addTooltip\":true,\"addLegend\":true,\"legendPosition\":\"bottom\",\"smoothLines\":false,\"scale\":\"linear\",\"interpolate\":\"linear\",\"mode\":\"stacked\",\"times\":[],\"addTimeMarker\":false,\"defaultYExtents\":false,\"setYExtents\":false,\"yAxis\":{}},\"aggs\":[{\"id\":\"1\",\"enabled\":true,\"type\":\"avg\",\"schema\":\"metric\",\"params\":{\"field\":\"mongodb.status.opcounters.command\",\"customLabel\":\"command\"}},{\"id\":\"2\",\"enabled\":true,\"type\":\"date_histogram\",\"schema\":\"segment\",\"params\":{\"field\":\"@timestamp\",\"interval\":\"auto\",\"customInterval\":\"2h\",\"min_doc_count\":1,\"extended_bounds\":{}}},{\"id\":\"3\",\"enabled\":true,\"type\":\"avg\",\"schema\":\"metric\",\"params\":{\"field\":\"mongodb.status.opcounters.delete\",\"customLabel\":\"delete\"}},{\"id\":\"4\",\"enabled\":true,\"type\":\"avg\",\"schema\":\"metric\",\"params\":{\"field\":\"mongodb.status.opcounters.getmore\",\"customLabel\":\"getmore\"}},{\"id\":\"5\",\"enabled\":true,\"type\":\"avg\",\"schema\":\"metric\",\"params\":{\"field\":\"mongodb.status.opcounters.insert\",\"customLabel\":\"insert\"}},{\"id\":\"6\",\"enabled\":true,\"type\":\"avg\",\"schema\":\"metric\",\"params\":{\"field\":\"mongodb.status.opcounters.query\",\"customLabel\":\"query\"}},{\"id\":\"7\",\"enabled\":true,\"type\":\"avg\",\"schema\":\"metric\",\"params\":{\"field\":\"mongodb.status.opcounters_replicated.update\",\"customLabel\":\"update\"}}],\"listeners\":{}}"
      },
      "id": "MongoDB-operation-counters",
      "type": "visualization",
      "version": 1
    },
    {
      "attributes": {
        "description": "",
        "kibanaSavedObjectMeta": {
          "searchSourceJSON": "{\"filter\":[]}"
        },
        "savedSearchId": "MongoDB-search",
        "title": "MongoDB Concurrent transactions Read",
        "uiStateJSON": "{\"vis\":{\"colors\":{\"Read Available\":\"#508642\",\"Read Used\":\"#BF1B00\"}}}",
        "version": 1,
        "visState": "{\"title\":\"MongoDB Concurrent transactions Read\",\"type\":\"area\",\"params\":{\"shareYAxis\":true,\"addTooltip\":true,\"addLegend\":true,\"legendPosition\":\"bottom\",\"smoothLines\":false,\"scale\":\"linear\",\"interpolate\":\"linear\",\"mode\":\"stacked\",\"times\":[],\"addTimeMarker\":false,\"defaultYExtents\":false,\"setYExtents\":false,\"yAxis\":{}},\"aggs\":[{\"id\":\"1\",\"enabled\":true,\"type\":\"avg\",\"schema\":\"metric\",\"params\":{\"field\":\"mongodb.status.wired_tiger.concurrent_transactions.read.available\",\"customLabel\":\"Read Available\"}},{\"id\":\"2\",\"enabled\":true,\"type\":\"date_histogram\",\"schema\":\"segment\",\"params\":{\"field\":\"@timestamp\",\"interval\":\"auto\",\"customInterval\":\"2h\",\"min_doc_count\":1,\"extended_bounds\":{}}},{\"id\":\"3\",\"enabled\":true,\"type\":\"avg\",\"schema\":\"metric\",\"params\":{\"field\":\"mongodb.status.wired_tiger.concurrent_transactions.read.out\",\"customLabel\":\"Read Used\"}}],\"listeners\":{}}"
      },
      "id": "MongoDB-Concurrent-transactions-Read",
      "type": "visualization",
      "version": 1
    },
    {
      "attributes": {
        "description": "",
        "kibanaSavedObjectMeta": {
          "searchSourceJSON": "{\"filter\":[]}"
        },
        "savedSearchId": "MongoDB-search",
        "title": "MongoDB Concurrent transactions Write",
        "uiStateJSON": "{\"vis\":{\"colors\":{\"Write Available\":\"#629E51\",\"Write Used\":\"#BF1B00\"}}}",
        "version": 1,
        "visState": "{\"aggs\":[{\"enabled\":true,\"id\":\"1\",\"params\":{\"customLabel\":\"Write Available\",\"field\":\"mongodb.status.wired_tiger.concurrent_transactions.write.available\"},\"schema\":\"metric\",\"type\":\"avg\"},{\"enabled\":true,\"id\":\"2\",\"params\":{\"customInterval\":\"2h\",\"extended_bounds\":{},\"field\":\"@timestamp\",\"interval\":\"auto\",\"min_doc_count\":1},\"schema\":\"segment\",\"type\":\"date_histogram\"},{\"enabled\":true,\"id\":\"3\",\"params\":{\"customLabel\":\"Write Used\",\"field\":\"mongodb.status.wired_tiger.concurrent_transactions.write.out\"},\"schema\":\"metric\",\"type\":\"avg\"}],\"listeners\":{},\"params\":{\"addLegend\":true,\"addTimeMarker\":false,\"addTooltip\":true,\"defaultYExtents\":false,\"interpolate\":\"linear\",\"legendPosition\":\"bottom\",\"mode\":\"stacked\",\"scale\":\"linear\",\"setYExtents\":false,\"shareYAxis\":true,\"smoothLines\":false,\"times\":[],\"yAxis\":{}},\"title\":\"MongoDB Concurrent transactions Write\",\"type\":\"area\"}"
      },
      "id": "MongoDB-Concurrent-transactions-Write",
      "type": "visualization",
      "version": 1
    },
    {
      "attributes": {
        "description": "",
        "kibanaSavedObjectMeta": {
          "searchSourceJSON": "{\"filter\":[]}"
        },
        "savedSearchId": "MongoDB-search",
        "title": "MongoDB memory stats",
        "uiStateJSON": "{}",
        "version": 1,
        "visState": "{\"title\":\"MongoDB memory stats\",\"type\":\"line\",\"params\":{\"shareYAxis\":true,\"addTooltip\":true,\"addLegend\":true,\"legendPosition\":\"bottom\",\"showCircles\":true,\"smoothLines\":false,\"interpolate\":\"linear\",\"scale\":\"log\",\"drawLinesBetweenPoints\":true,\"radiusRatio\":9,\"times\":[],\"addTimeMarker\":false,\"defaultYExtents\":false,\"setYExtents\":false,\"yAxis\":{}},\"aggs\":[{\"id\":\"1\",\"enabled\":true,\"type\":\"avg\",\"schema\":\"metric\",\"params\":{\"field\":\"mongodb.status.memory.mapped.mb\",\"customLabel\":\"Mapped\"}},{\"id\":\"2\",\"enabled\":true,\"type\":\"date_histogram\",\"schema\":\"segment\",\"params\":{\"field\":\"@timestamp\",\"interval\":\"auto\",\"customInterval\":\"2h\",\"min_doc_count\":1,\"extended_bounds\":{}}},{\"id\":\"3\",\"enabled\":true,\"type\":\"avg\",\"schema\":\"metric\",\"params\":{\"field\":\"mongodb.status.memory.mapped_with_journal.mb\",\"customLabel\":\"Mapped with journal\"}},{\"id\":\"4\",\"enabled\":true,\"type\":\"avg\",\"schema\":\"metric\",\"params\":{\"field\":\"mongodb.status.memory.resident.mb\",\"customLabel\":\"Rezident\"}},{\"id\":\"5\",\"enabled\":true,\"type\":\"avg\",\"schema\":\"metric\",\"params\":{\"field\":\"mongodb.status.memory.virtual.mb\",\"customLabel\":\"Virtual\"}}],\"listeners\":{}}"
      },
      "id": "MongoDB-memory-stats",
      "type": "visualization",
      "version": 1
    },
    {
      "attributes": {
        "description": "",
        "kibanaSavedObjectMeta": {
          "searchSourceJSON": "{\"filter\":[]}"
        },
        "savedSearchId": "MongoDB-search",
        "title": "MongoDB asserts",
        "uiStateJSON": "{}",
        "version": 1,
        "visState": "{\"title\":\"MongoDB asserts\",\"type\":\"area\",\"params\":{\"shareYAxis\":true,\"addTooltip\":true,\"addLegend\":true,\"legendPosition\":\"bottom\",\"smoothLines\":false,\"scale\":\"linear\",\"interpolate\":\"linear\",\"mode\":\"stacked\",\"times\":[],\"addTimeMarker\":false,\"defaultYExtents\":false,\"setYExtents\":false,\"yAxis\":{}},\"aggs\":[{\"id\":\"1\",\"enabled\":true,\"type\":\"max\",\"schema\":\"metric\",\"params\":{\"field\":\"mongodb.status.asserts.msg\",\"customLabel\":\"message\"}},{\"id\":\"2\",\"enabled\":true,\"type\":\"date_histogram\",\"schema\":\"segment\",\"params\":{\"field\":\"@timestamp\",\"interval\":\"auto\",\"customInterval\":\"2h\",\"min_doc_count\":1,\"extended_bounds\":{}}},{\"id\":\"3\",\"enabled\":true,\"type\":\"max\",\"schema\":\"metric\",\"params\":{\"field\":\"mongodb.status.asserts.regular\",\"customLabel\":\"regular\"}},{\"id\":\"4\",\"enabled\":true,\"type\":\"max\",\"schema\":\"metric\",\"params\":{\"field\":\"mongodb.status.asserts.rollovers\",\"customLabel\":\"rollover\"}},{\"id\":\"5\",\"enabled\":true,\"type\":\"max\",\"schema\":\"metric\",\"params\":{\"field\":\"mongodb.status.asserts.user\",\"customLabel\":\"user\"}},{\"id\":\"6\",\"enabled\":true,\"type\":\"max\",\"schema\":\"metric\",\"params\":{\"field\":\"mongodb.status.asserts.warning\",\"customLabel\":\"warning\"}}],\"listeners\":{}}"
      },
      "id": "MongoDB-asserts",
      "type": "visualization",
      "version": 1
    },
    {
      "attributes": {
        "description": "",
        "kibanaSavedObjectMeta": {
          "searchSourceJSON": "{\"filter\":[]}"
        },
        "savedSearchId": "MongoDB-search",
        "title": "MongoDB WiredTiger Cache",
        "uiStateJSON": "{}",
        "version": 1,
        "visState": "{\"title\":\"MongoDB WiredTiger Cache\",\"type\":\"area\",\"params\":{\"shareYAxis\":true,\"addTooltip\":true,\"addLegend\":true,\"legendPosition\":\"bottom\",\"smoothLines\":false,\"scale\":\"linear\",\"interpolate\":\"linear\",\"mode\":\"overlap\",\"times\":[],\"addTimeMarker\":false,\"defaultYExtents\":false,\"setYExtents\":false,\"yAxis\":{}},\"aggs\":[{\"id\":\"1\",\"enabled\":true,\"type\":\"avg\",\"schema\":\"metric\",\"params\":{\"field\":\"mongodb.status.wired_tiger.cache.maximum.bytes\",\"customLabel\":\"max\"}},{\"id\":\"2\",\"enabled\":true,\"type\":\"date_histogram\",\"schema\":\"segment\",\"params\":{\"field\":\"@timestamp\",\"interval\":\"auto\",\"customInterval\":\"2h\",\"min_doc_count\":1,\"extended_bounds\":{}}},{\"id\":\"3\",\"enabled\":true,\"type\":\"avg\",\"schema\":\"metric\",\"params\":{\"field\":\"mongodb.status.wired_tiger.cache.used.bytes\",\"customLabel\":\"used\"}},{\"id\":\"4\",\"enabled\":true,\"type\":\"avg\",\"schema\":\"metric\",\"params\":{\"field\":\"mongodb.status.wired_tiger.cache.dirty.bytes\",\"customLabel\":\"dirty\"}}],\"listeners\":{}}"
      },
      "id": "MongoDB-WiredTiger-Cache",
      "type": "visualization",
      "version": 1
    },
    {
      "attributes": {
        "columns": [
          "_source"
        ],
        "description": "",
        "hits": 0,
        "kibanaSavedObjectMeta": {
          "searchSourceJSON": "{\"index\":\"metricbeat-*\",\"query\":{\"query_string\":{\"analyze_wildcard\":true,\"query\":\"metricset.module:mongodb\"}},\"filter\":[],\"highlight\":{\"pre_tags\":[\"@kibana-highlighted-field@\"],\"post_tags\":[\"@/kibana-highlighted-field@\"],\"fields\":{\"*\":{}},\"require_field_match\":false,\"fragment_size\":2147483647}}"
        },
        "sort": [
          "@timestamp",
          "desc"
        ],
        "title": "MongoDB search",
        "version": 1
      },
      "id": "MongoDB-search",
      "type": "search",
      "version": 8
    },
    {
      "attributes": {
        "description": "",
        "hits": 0,
        "kibanaSavedObjectMeta": {
          "searchSourceJSON": "{\"filter\":[{\"query\":{\"query_string\":{\"analyze_wildcard\":true,\"query\":\"*\"}}}]}"
        },
        "optionsJSON": "{\"darkTheme\":false}",
        "panelsJSON": "[{\"col\":1,\"id\":\"MongoDB-hosts\",\"panelIndex\":1,\"row\":1,\"size_x\":8,\"size_y\":3,\"type\":\"visualization\"},{\"col\":9,\"id\":\"MongoDB-Engine-ampersand-Version\",\"panelIndex\":4,\"row\":1,\"size_x\":4,\"size_y\":3,\"type\":\"visualization\"},{\"col\":1,\"id\":\"MongoDB-operation-counters\",\"panelIndex\":2,\"row\":4,\"size_x\":6,\"size_y\":3,\"type\":\"visualization\"},{\"col\":7,\"id\":\"MongoDB-Concurrent-transactions-Read\",\"panelIndex\":6,\"row\":4,\"size_x\":3,\"size_y\":3,\"type\":\"visualization\"},{\"col\":10,\"id\":\"MongoDB-Concurrent-transactions-Write\",\"panelIndex\":7,\"row\":4,\"size_x\":3,\"size_y\":3,\"type\":\"visualization\"},{\"col\":1,\"id\":\"MongoDB-memory-stats\",\"panelIndex\":5,\"row\":10,\"size_x\":12,\"size_y\":4,\"type\":\"visualization\"},{\"col\":7,\"id\":\"MongoDB-asserts\",\"panelIndex\":3,\"row\":7,\"size_x\":6,\"size_y\":3,\"type\":\"visualization\"},{\"id\":\"MongoDB-WiredTiger-Cache\",\"type\":\"visualization\",\"panelIndex\":8,\"size_x\":6,\"size_y\":3,\"col\":1,\"row\":7}]",
        "timeRestore": false,
        "title": "Metricbeat MongoDB",
        "uiStateJSON": "{\"P-1\":{\"vis\":{\"params\":{\"sort\":{\"columnIndex\":null,\"direction\":null}}}}}",
        "version": 1
      },
      "id": "Metricbeat-MongoDB",
      "type": "dashboard",
      "version": 1
    }
  ],
  "version": "6.0.0-alpha3-SNAPSHOT"
}