{
  "objects": [
    {
      "attributes": {
        "description": "",
        "kibanaSavedObjectMeta": {
          "searchSourceJSON": "{\"filter\":[]}"
        },
        "savedSearchId": "Apache2-access-logs",
        "title": "Apache2 access unique IPs map",
        "uiStateJSON": "{\"mapCenter\":[14.944784875088372,5.09765625]}",
        "version": 1,
        "visState": "{\"title\":\"Apache2 access unique IPs map\",\"type\":\"tile_map\",\"params\":{\"mapType\":\"Scaled Circle Markers\",\"isDesaturated\":true,\"addTooltip\":true,\"heatMaxZoom\":16,\"heatMinOpacity\":0.1,\"heatRadius\":25,\"heatBlur\":15,\"heatNormalizeData\":true,\"legendPosition\":\"bottomright\",\"mapZoom\":2,\"mapCenter\":[15,5],\"wms\":{\"enabled\":false,\"url\":\"https://basemap.nationalmap.gov/arcgis/services/USGSTopo/MapServer/WMSServer\",\"options\":{\"version\":\"1.3.0\",\"layers\":\"0\",\"format\":\"image/png\",\"transparent\":true,\"attribution\":\"Maps provided by USGS\",\"styles\":\"\"}}},\"aggs\":[{\"id\":\"1\",\"enabled\":true,\"type\":\"cardinality\",\"schema\":\"metric\",\"params\":{\"field\":\"apache2.access.remote_ip\"}},{\"id\":\"2\",\"enabled\":true,\"type\":\"geohash_grid\",\"schema\":\"segment\",\"params\":{\"field\":\"apache2.access.geoip.location\",\"autoPrecision\":true}}],\"listeners\":{}}"
      },
      "id": "Apache2-access-unique-IPs-map",
      "type": "visualization",
      "version": 4
    },
    {
      "attributes": {
        "description": "",
        "kibanaSavedObjectMeta": {
          "searchSourceJSON": "{\"filter\":[]}"
        },
        "savedSearchId": "Apache2-access-logs",
        "title": "Apache2 response codes of top URLs",
        "uiStateJSON": "{\"vis\":{\"colors\":{\"200\":\"#7EB26D\",\"404\":\"#EF843C\"}}}",
        "version": 1,
        "visState": "{\"title\":\"Apache2 response codes of top URLs\",\"type\":\"pie\",\"params\":{\"shareYAxis\":true,\"addTooltip\":true,\"addLegend\":true,\"legendPosition\":\"right\",\"isDonut\":false},\"aggs\":[{\"id\":\"1\",\"enabled\":true,\"type\":\"count\",\"schema\":\"metric\",\"params\":{}},{\"id\":\"3\",\"enabled\":true,\"type\":\"terms\",\"schema\":\"split\",\"params\":{\"field\":\"apache2.access.url\",\"size\":5,\"order\":\"desc\",\"orderBy\":\"1\",\"customLabel\":\"URL\",\"row\":false}},{\"id\":\"2\",\"enabled\":true,\"type\":\"terms\",\"schema\":\"segment\",\"params\":{\"field\":\"apache2.access.response_code\",\"size\":5,\"order\":\"desc\",\"orderBy\":\"1\"}}],\"listeners\":{}}"
      },
      "id": "Apache2-response-codes-of-top-URLs",
      "type": "visualization",
      "version": 4
    },
    {
      "attributes": {
        "description": "",
        "kibanaSavedObjectMeta": {
          "searchSourceJSON": "{\"filter\":[]}"
        },
        "savedSearchId": "Apache2-access-logs",
        "title": "Apache2 browsers",
        "uiStateJSON": "{}",
        "version": 1,
        "visState": "{\"title\":\"Apache2 browsers\",\"type\":\"pie\",\"params\":{\"shareYAxis\":true,\"addTooltip\":true,\"addLegend\":true,\"legendPosition\":\"bottom\",\"isDonut\":true},\"aggs\":[{\"id\":\"1\",\"enabled\":true,\"type\":\"cardinality\",\"schema\":\"metric\",\"params\":{\"field\":\"apache2.access.remote_ip\"}},{\"id\":\"2\",\"enabled\":true,\"type\":\"terms\",\"schema\":\"segment\",\"params\":{\"field\":\"apache2.access.user_agent.name\",\"size\":5,\"order\":\"desc\",\"orderBy\":\"1\"}},{\"id\":\"3\",\"enabled\":true,\"type\":\"terms\",\"schema\":\"segment\",\"params\":{\"field\":\"apache2.access.user_agent.major\",\"size\":5,\"order\":\"desc\",\"orderBy\":\"1\"}}],\"listeners\":{}}"
      },
      "id": "Apache2-browsers",
      "type": "visualization",
      "version": 4
    },
    {
      "attributes": {
        "description": "",
        "kibanaSavedObjectMeta": {
          "searchSourceJSON": "{\"filter\":[]}"
        },
        "savedSearchId": "Apache2-access-logs",
        "title": "Apache2 operating systems",
        "uiStateJSON": "{}",
        "version": 1,
        "visState": "{\"title\":\"Apache2 operating systems\",\"type\":\"pie\",\"params\":{\"shareYAxis\":true,\"addTooltip\":true,\"addLegend\":true,\"legendPosition\":\"bottom\",\"isDonut\":true},\"aggs\":[{\"id\":\"1\",\"enabled\":true,\"type\":\"cardinality\",\"schema\":\"metric\",\"params\":{\"field\":\"apache2.access.remote_ip\"}},{\"id\":\"2\",\"enabled\":true,\"type\":\"terms\",\"schema\":\"segment\",\"params\":{\"field\":\"apache2.access.user_agent.os_name\",\"size\":5,\"order\":\"desc\",\"orderBy\":\"1\"}},{\"id\":\"3\",\"enabled\":true,\"type\":\"terms\",\"schema\":\"segment\",\"params\":{\"field\":\"apache2.access.user_agent.os_major\",\"size\":5,\"order\":\"desc\",\"orderBy\":\"1\"}}],\"listeners\":{}}"
      },
      "id": "Apache2-operating-systems",
      "type": "visualization",
      "version": 4
    },
    {
      "attributes": {
        "description": "",
        "kibanaSavedObjectMeta": {
          "searchSourceJSON": "{\"filter\":[]}"
        },
        "savedSearchId": "Apache2-errors-log",
        "title": "Apache2 error logs over time",
        "uiStateJSON": "{}",
        "version": 1,
        "visState": "{\"title\":\"Apache2 error logs over time\",\"type\":\"histogram\",\"params\":{\"shareYAxis\":true,\"addTooltip\":true,\"addLegend\":true,\"legendPosition\":\"right\",\"scale\":\"linear\",\"mode\":\"stacked\",\"times\":[],\"addTimeMarker\":false,\"defaultYExtents\":false,\"setYExtents\":false,\"yAxis\":{}},\"aggs\":[{\"id\":\"1\",\"enabled\":true,\"type\":\"count\",\"schema\":\"metric\",\"params\":{}},{\"id\":\"2\",\"enabled\":true,\"type\":\"date_histogram\",\"schema\":\"segment\",\"params\":{\"field\":\"@timestamp\",\"interval\":\"auto\",\"customInterval\":\"2h\",\"min_doc_count\":1,\"extended_bounds\":{}}},{\"id\":\"3\",\"enabled\":true,\"type\":\"terms\",\"schema\":\"group\",\"params\":{\"field\":\"apache2.error.level\",\"size\":5,\"order\":\"desc\",\"orderBy\":\"1\"}}],\"listeners\":{}}"
      },
      "id": "Apache2-error-logs-over-time",
      "type": "visualization",
      "version": 4
    },
    {
      "attributes": {
        "description": "",
        "kibanaSavedObjectMeta": {
          "searchSourceJSON": "{\"filter\":[]}"
        },
        "savedSearchId": "Apache2-access-logs",
        "title": "Apache2 response codes over time",
        "uiStateJSON": "{\"vis\":{\"colors\":{\"200\":\"#629E51\",\"404\":\"#EF843C\"}}}",
        "version": 1,
        "visState": "{\"title\":\"Apache2 response codes over time\",\"type\":\"histogram\",\"params\":{\"shareYAxis\":true,\"addTooltip\":true,\"addLegend\":true,\"legendPosition\":\"right\",\"scale\":\"linear\",\"mode\":\"stacked\",\"times\":[],\"addTimeMarker\":false,\"defaultYExtents\":false,\"setYExtents\":false,\"yAxis\":{}},\"aggs\":[{\"id\":\"1\",\"enabled\":true,\"type\":\"count\",\"schema\":\"metric\",\"params\":{}},{\"id\":\"2\",\"enabled\":true,\"type\":\"date_histogram\",\"schema\":\"segment\",\"params\":{\"field\":\"@timestamp\",\"interval\":\"auto\",\"customInterval\":\"2h\",\"min_doc_count\":1,\"extended_bounds\":{}}},{\"id\":\"3\",\"enabled\":true,\"type\":\"terms\",\"schema\":\"group\",\"params\":{\"field\":\"apache2.access.response_code\",\"size\":5,\"order\":\"desc\",\"orderBy\":\"1\"}}],\"listeners\":{}}"
      },
      "id": "Apache2-response-codes-over-time",
      "type": "visualization",
      "version": 4
    },
    {
      "attributes": {
        "columns": [
          "apache2.error.client",
          "apache2.error.level",
          "apache2.error.module",
          "apache2.error.message"
        ],
        "description": "",
        "hits": 0,
        "kibanaSavedObjectMeta": {
          "searchSourceJSON": "{\"index\":\"filebeat-*\",\"query\":{\"query_string\":{\"query\":\"_exists_:apache2.error\",\"analyze_wildcard\":true}},\"filter\":[],\"highlight\":{\"pre_tags\":[\"@kibana-highlighted-field@\"],\"post_tags\":[\"@/kibana-highlighted-field@\"],\"fields\":{\"*\":{}},\"require_field_match\":false,\"fragment_size\":2147483647}}"
        },
        "sort": [
          "@timestamp",
          "desc"
        ],
        "title": "Apache2 errors log",
        "version": 1
      },
      "id": "Apache2-errors-log",
      "type": "search",
      "version": 8
    },
    {
      "attributes": {
        "columns": [
          "apache2.access.remote_ip",
          "apache2.access.method",
          "apache2.access.url",
          "apache2.access.response_code"
        ],
        "description": "",
        "hits": 0,
        "kibanaSavedObjectMeta": {
          "searchSourceJSON": "{\"index\":\"filebeat-*\",\"query\":{\"query_string\":{\"query\":\"_exists_:apache2.access\",\"analyze_wildcard\":true}},\"filter\":[],\"highlight\":{\"pre_tags\":[\"@kibana-highlighted-field@\"],\"post_tags\":[\"@/kibana-highlighted-field@\"],\"fields\":{\"*\":{}},\"require_field_match\":false,\"fragment_size\":2147483647}}"
        },
        "sort": [
          "@timestamp",
          "desc"
        ],
        "title": "Apache2 access logs",
        "version": 1
      },
      "id": "Apache2-access-logs",
      "type": "search",
      "version": 20
    },
    {
      "attributes": {
        "description": "",
        "hits": 0,
        "kibanaSavedObjectMeta": {
          "searchSourceJSON": "{\"filter\":[{\"query\":{\"query_string\":{\"analyze_wildcard\":true,\"query\":\"*\"}}}]}"
        },
        "optionsJSON": "{\"darkTheme\":false}",
        "panelsJSON": "[{\"col\":1,\"id\":\"Apache2-access-unique-IPs-map\",\"panelIndex\":1,\"row\":1,\"size_x\":12,\"size_y\":3,\"type\":\"visualization\"},{\"col\":1,\"id\":\"Apache2-response-codes-of-top-URLs\",\"panelIndex\":2,\"row\":6,\"size_x\":8,\"size_y\":3,\"type\":\"visualization\"},{\"col\":9,\"id\":\"Apache2-browsers\",\"panelIndex\":3,\"row\":6,\"size_x\":4,\"size_y\":3,\"type\":\"visualization\"},{\"col\":11,\"id\":\"Apache2-operating-systems\",\"panelIndex\":4,\"row\":4,\"size_x\":2,\"size_y\":2,\"type\":\"visualization\"},{\"col\":1,\"id\":\"Apache2-error-logs-over-time\",\"panelIndex\":5,\"row\":9,\"size_x\":12,\"size_y\":2,\"type\":\"visualization\"},{\"col\":1,\"id\":\"Apache2-response-codes-over-time\",\"panelIndex\":6,\"row\":4,\"size_x\":10,\"size_y\":2,\"type\":\"visualization\"},{\"id\":\"Apache2-errors-log\",\"type\":\"search\",\"panelIndex\":7,\"size_x\":12,\"size_y\":3,\"col\":1,\"row\":11,\"columns\":[\"apache2.error.client\",\"apache2.error.level\",\"apache2.error.module\",\"apache2.error.message\"],\"sort\":[\"@timestamp\",\"desc\"]}]",
        "timeRestore": false,
        "title": "Filebeat Apache2 Dashboard",
        "uiStateJSON": "{\"P-1\":{\"mapCenter\":[40.713955826286046,-0.17578125]}}",
        "version": 1
      },
      "id": "Filebeat-Apache2-Dashboard",
      "type": "dashboard",
      "version": 4
    }
  ],
  "version": "6.0.0-alpha3-SNAPSHOT"
}