{
  "version": "5.6.8", 
  "objects": [
    {
      "attributes": {
        "fields": "[{\"count\": 0, \"analyzed\": false, \"aggregatable\": true, \"name\": \"beat.name\", \"searchable\": true, \"indexed\": true, \"doc_values\": true, \"type\": \"string\", \"scripted\": false}, {\"count\": 0, \"analyzed\": false, \"aggregatable\": true, \"name\": \"beat.hostname\", \"searchable\": true, \"indexed\": true, \"doc_values\": true, \"type\": \"string\", \"scripted\": false}, {\"count\": 0, \"analyzed\": false, \"aggregatable\": true, \"name\": \"beat.version\", \"searchable\": true, \"indexed\": true, \"doc_values\": true, \"type\": \"string\", \"scripted\": false}, {\"count\": 0, \"analyzed\": false, \"aggregatable\": true, \"name\": \"@timestamp\", \"searchable\": true, \"indexed\": true, \"doc_values\": true, \"type\": \"date\", \"scripted\": false}, {\"count\": 0, \"analyzed\": false, \"aggregatable\": true, \"name\": \"tags\", \"searchable\": true, \"indexed\": true, \"doc_values\": true, \"type\": \"string\", \"scripted\": false}, {\"count\": 0, \"analyzed\": false, \"aggregatable\": true, \"name\": \"fields\", \"searchable\": true, \"indexed\": true, \"doc_values\": true, \"scripted\": false}, {\"count\": 0, \"analyzed\": false, \"aggregatable\": true, \"name\": \"meta.cloud.provider\", \"searchable\": true, \"indexed\": true, \"doc_values\": true, \"type\": \"string\", \"scripted\": false}, {\"count\": 0, \"analyzed\": false, \"aggregatable\": true, \"name\": \"meta.cloud.instance_id\", \"searchable\": true, \"indexed\": true, \"doc_values\": true, \"type\": \"string\", \"scripted\": false}, {\"count\": 0, \"analyzed\": false, \"aggregatable\": true, \"name\": \"meta.cloud.machine_type\", \"searchable\": true, \"indexed\": true, \"doc_values\": true, \"type\": \"string\", \"scripted\": false}, {\"count\": 0, \"analyzed\": false, \"aggregatable\": true, \"name\": \"meta.cloud.availability_zone\", \"searchable\": true, \"indexed\": true, \"doc_values\": true, \"type\": \"string\", \"scripted\": false}, {\"count\": 0, \"analyzed\": false, \"aggregatable\": true, \"name\": \"meta.cloud.project_id\", \"searchable\": true, \"indexed\": true, \"doc_values\": true, \"type\": \"string\", \"scripted\": false}, {\"count\": 0, \"analyzed\": false, \"aggregatable\": true, \"name\": \"meta.cloud.region\", \"searchable\": true, \"indexed\": true, \"doc_values\": true, \"type\": \"string\", \"scripted\": false}, {\"count\": 0, \"analyzed\": false, \"aggregatable\": true, \"name\": \"type\", \"searchable\": true, \"indexed\": true, \"doc_values\": true, \"type\": \"string\", \"scripted\": false}, {\"count\": 0, \"analyzed\": false, \"aggregatable\": true, \"name\": \"activity_id\", \"searchable\": true, \"indexed\": true, \"doc_values\": true, \"type\": \"string\", \"scripted\": false}, {\"count\": 0, \"analyzed\": false, \"aggregatable\": true, \"name\": \"computer_name\", \"searchable\": true, \"indexed\": true, \"doc_values\": true, \"type\": \"string\", \"scripted\": false}, {\"count\": 0, \"analyzed\": false, \"aggregatable\": true, \"name\": \"event_data\", \"searchable\": true, \"indexed\": true, \"doc_values\": true, \"scripted\": false}, {\"count\": 0, \"analyzed\": false, \"aggregatable\": true, \"name\": \"event_id\", \"searchable\": true, \"indexed\": true, \"doc_values\": true, \"type\": \"number\", \"scripted\": false}, {\"count\": 0, \"analyzed\": false, \"aggregatable\": true, \"name\": \"keywords\", \"searchable\": true, \"indexed\": true, \"doc_values\": true, \"type\": \"string\", \"scripted\": false}, {\"count\": 0, \"analyzed\": false, \"aggregatable\": true, \"name\": \"log_name\", \"searchable\": true, \"indexed\": true, \"doc_values\": true, \"type\": \"string\", \"scripted\": false}, {\"count\": 0, \"analyzed\": false, \"aggregatable\": true, \"name\": \"level\", \"searchable\": true, \"indexed\": true, \"doc_values\": true, \"type\": \"string\", \"scripted\": false}, {\"count\": 0, \"analyzed\": false, \"aggregatable\": false, \"name\": \"message\", \"searchable\": true, \"indexed\": true, \"doc_values\": true, \"type\": \"string\", \"scripted\": false}, {\"count\": 0, \"analyzed\": false, \"aggregatable\": true, \"name\": \"message_error\", \"searchable\": true, \"indexed\": true, \"doc_values\": true, \"type\": \"string\", \"scripted\": false}, {\"count\": 0, \"analyzed\": false, \"aggregatable\": true, \"name\": \"record_number\", \"searchable\": true, \"indexed\": true, \"doc_values\": true, \"type\": \"string\", \"scripted\": false}, {\"count\": 0, \"analyzed\": false, \"aggregatable\": true, \"name\": \"related_activity_id\", \"searchable\": true, \"indexed\": true, \"doc_values\": true, \"type\": \"string\", \"scripted\": false}, {\"count\": 0, \"analyzed\": false, \"aggregatable\": true, \"name\": \"opcode\", \"searchable\": true, \"indexed\": true, \"doc_values\": true, \"type\": \"string\", \"scripted\": false}, {\"count\": 0, \"analyzed\": false, \"aggregatable\": true, \"name\": \"provider_guid\", \"searchable\": true, \"indexed\": true, \"doc_values\": true, \"type\": \"string\", \"scripted\": false}, {\"count\": 0, \"analyzed\": false, \"aggregatable\": true, \"name\": \"process_id\", \"searchable\": true, \"indexed\": true, \"doc_values\": true, \"type\": \"number\", \"scripted\": false}, {\"count\": 0, \"analyzed\": false, \"aggregatable\": true, \"name\": \"source_name\", \"searchable\": true, \"indexed\": true, \"doc_values\": true, \"type\": \"string\", \"scripted\": false}, {\"count\": 0, \"analyzed\": false, \"aggregatable\": true, \"name\": \"task\", \"searchable\": true, \"indexed\": true, \"doc_values\": true, \"type\": \"string\", \"scripted\": false}, {\"count\": 0, \"analyzed\": false, \"aggregatable\": true, \"name\": \"thread_id\", \"searchable\": true, \"indexed\": true, \"doc_values\": true, \"type\": \"number\", \"scripted\": false}, {\"count\": 0, \"analyzed\": false, \"aggregatable\": true, \"name\": \"user_data\", \"searchable\": true, \"indexed\": true, \"doc_values\": true, \"scripted\": false}, {\"count\": 0, \"analyzed\": false, \"aggregatable\": true, \"name\": \"user.identifier\", \"searchable\": true, \"indexed\": true, \"doc_values\": true, \"type\": \"string\", \"scripted\": false}, {\"count\": 0, \"analyzed\": false, \"aggregatable\": true, \"name\": \"user.name\", \"searchable\": true, \"indexed\": true, \"doc_values\": true, \"type\": \"string\", \"scripted\": false}, {\"count\": 0, \"analyzed\": false, \"aggregatable\": true, \"name\": \"user.domain\", \"searchable\": true, \"indexed\": true, \"doc_values\": true, \"type\": \"string\", \"scripted\": false}, {\"count\": 0, \"analyzed\": false, \"aggregatable\": true, \"name\": \"user.type\", \"searchable\": true, \"indexed\": true, \"doc_values\": true, \"type\": \"string\", \"scripted\": false}, {\"count\": 0, \"analyzed\": false, \"aggregatable\": true, \"name\": \"version\", \"searchable\": true, \"indexed\": true, \"doc_values\": true, \"type\": \"number\", \"scripted\": false}, {\"count\": 0, \"analyzed\": false, \"aggregatable\": false, \"name\": \"xml\", \"searchable\": true, \"indexed\": true, \"doc_values\": true, \"type\": \"string\", \"scripted\": false}, {\"count\": 0, \"analyzed\": false, \"aggregatable\": false, \"name\": \"_id\", \"searchable\": false, \"indexed\": false, \"doc_values\": false, \"type\": \"string\", \"scripted\": false}, {\"count\": 0, \"analyzed\": false, \"aggregatable\": true, \"name\": \"_type\", \"searchable\": true, \"indexed\": false, \"doc_values\": false, \"type\": \"string\", \"scripted\": false}, {\"count\": 0, \"analyzed\": false, \"aggregatable\": false, \"name\": \"_index\", \"searchable\": false, \"indexed\": false, \"doc_values\": false, \"type\": \"string\", \"scripted\": false}, {\"count\": 0, \"analyzed\": false, \"aggregatable\": false, \"name\": \"_score\", \"searchable\": false, \"indexed\": false, \"doc_values\": false, \"type\": \"number\", \"scripted\": false}]", 
        "fieldFormatMap": "{\"@timestamp\": {\"id\": \"date\"}}", 
        "timeFieldName": "@timestamp", 
        "title": "winlogbeat-*"
      }, 
      "version": 1, 
      "type": "index-pattern", 
      "id": "winlogbeat-*"
    }
  ]
}